component_id,part_type,part_number,lot_id,checkpoint,elapsed_time,raw_cycle,param_01,param_02,param_03,param_04,param_05
Device2,IGBT_Power_MOSFET,IRG4BC30KD,NASA_PCoE_LOT1,0.0,0.0,1,0.12087,35.214,718.802,2.4534,2.4502
Device2,IGBT_Power_MOSFET,IRG4BC30KD,NASA_PCoE_LOT1,12.0,12.0,784,0.11751,115.644,718.814,2.9502,2.9474
Device2,IGBT_Power_MOSFET,IRG4BC30KD,NASA_PCoE_LOT1,24.0,24.0,1568,0.11232,176.122,718.834,3.9401,3.9377
Device2,IGBT_Power_MOSFET,IRG4BC30KD,NASA_PCoE_LOT1,48.0,48.0,3136,0.10894,236.583,718.878,4.4355,4.4328
Device2,IGBT_Power_MOSFET,IRG4BC30KD,NASA_PCoE_LOT1,72.0,72.0,4704,0.10788,254.148,718.925,4.9307,4.9281
Device2,IGBT_Power_MOSFET,IRG4BC30KD,NASA_PCoE_LOT1,96.0,96.0,6273,0.1037,270.228,718.976,5.4244,5.4222
Device2,IGBT_Power_MOSFET,IRG4BC30KD,NASA_PCoE_LOT1,120.0,120.0,7841,0.10374,275.919,719.028,5.4261,5.4236
Device2,IGBT_Power_MOSFET,IRG4BC30KD,NASA_PCoE_LOT1,144.0,144.0,9409,0.10981,270.653,719.073,5.4245,5.4216
Device2,IGBT_Power_MOSFET,IRG4BC30KD,NASA_PCoE_LOT1,168.0,168.0,10978,0.09739,99.247,719.121,2.4598,2.4586
Device2b,IGBT_Power_MOSFET,IRG4BC30KD,NASA_PCoE_LOT1,0.0,0.0,1,0.10634,51.928,719.132,2.4588,2.457
Device2b,IGBT_Power_MOSFET,IRG4BC30KD,NASA_PCoE_LOT1,12.0,12.0,459,0.10415,94.634,719.137,2.4575,2.4558
Device2b,IGBT_Power_MOSFET,IRG4BC30KD,NASA_PCoE_LOT1,24.0,24.0,919,0.1052,117.449,719.141,3.4457,3.4434
Device2b,IGBT_Power_MOSFET,IRG4BC30KD,NASA_PCoE_LOT1,48.0,48.0,1838,0.10381,177.79,719.153,4.435,4.4331
Device2b,IGBT_Power_MOSFET,IRG4BC30KD,NASA_PCoE_LOT1,72.0,72.0,2757,0.11005,222.636,719.168,4.93,4.9278
Device2b,IGBT_Power_MOSFET,IRG4BC30KD,NASA_PCoE_LOT1,96.0,96.0,3677,0.10903,255.792,719.178,5.4248,5.4226
Device2b,IGBT_Power_MOSFET,IRG4BC30KD,NASA_PCoE_LOT1,120.0,120.0,4596,0.11362,272.668,719.19,5.4242,5.4222
Device2b,IGBT_Power_MOSFET,IRG4BC30KD,NASA_PCoE_LOT1,144.0,144.0,5515,0.10431,275.236,719.202,5.9211,5.9184
Device2b,IGBT_Power_MOSFET,IRG4BC30KD,NASA_PCoE_LOT1,168.0,168.0,6435,0.20387,280.334,719.202,5.8764,5.8655
Device3,IGBT_Power_MOSFET,IRG4BC30KD,NASA_PCoE_LOT1,0.0,0.0,1,0.11712,32.688,719.284,2.4546,2.4515
Device3,IGBT_Power_MOSFET,IRG4BC30KD,NASA_PCoE_LOT1,12.0,12.0,702,0.10443,98.154,719.282,2.4581,2.4566
Device3,IGBT_Power_MOSFET,IRG4BC30KD,NASA_PCoE_LOT1,24.0,24.0,1405,0.11242,137.637,719.265,3.4449,3.4431
Device3,IGBT_Power_MOSFET,IRG4BC30KD,NASA_PCoE_LOT1,48.0,48.0,2810,0.11686,214.323,719.237,4.4344,4.4317
Device3,IGBT_Power_MOSFET,IRG4BC30KD,NASA_PCoE_LOT1,72.0,72.0,4215,0.11239,273.133,719.213,5.4244,5.422
Device3,IGBT_Power_MOSFET,IRG4BC30KD,NASA_PCoE_LOT1,96.0,96.0,5621,0.11115,271.723,719.194,5.4258,5.4239
Device3,IGBT_Power_MOSFET,IRG4BC30KD,NASA_PCoE_LOT1,120.0,120.0,7026,0.10491,276.163,719.189,5.9222,5.9197
Device3,IGBT_Power_MOSFET,IRG4BC30KD,NASA_PCoE_LOT1,144.0,144.0,8431,0.10697,271.39,719.196,5.9201,5.9175
Device3,IGBT_Power_MOSFET,IRG4BC30KD,NASA_PCoE_LOT1,168.0,168.0,9837,0.09962,99.473,719.204,2.4599,2.4583
Device3b,IGBT_Power_MOSFET,IRG4BC30KD,NASA_PCoE_LOT1,0.0,0.0,1,0.10734,80.046,719.201,2.4587,2.4559
Device3b,IGBT_Power_MOSFET,IRG4BC30KD,NASA_PCoE_LOT1,12.0,12.0,374,0.10318,98.182,719.197,2.4584,2.4571
Device3b,IGBT_Power_MOSFET,IRG4BC30KD,NASA_PCoE_LOT1,24.0,24.0,748,0.09697,98.553,719.192,2.4597,2.458
Device3b,IGBT_Power_MOSFET,IRG4BC30KD,NASA_PCoE_LOT1,48.0,48.0,1496,0.10371,138.456,719.182,3.4461,3.4444
Device3b,IGBT_Power_MOSFET,IRG4BC30KD,NASA_PCoE_LOT1,72.0,72.0,2244,0.11086,178.119,719.176,3.941,3.9391
Device3b,IGBT_Power_MOSFET,IRG4BC30KD,NASA_PCoE_LOT1,96.0,96.0,2993,0.1033,215.547,719.178,4.931,4.9274
Device3b,IGBT_Power_MOSFET,IRG4BC30KD,NASA_PCoE_LOT1,120.0,120.0,3741,0.11054,216.513,719.183,4.9312,4.9291
Device3b,IGBT_Power_MOSFET,IRG4BC30KD,NASA_PCoE_LOT1,144.0,144.0,4489,0.10747,248.924,719.184,5.4253,5.4227
Device3b,IGBT_Power_MOSFET,IRG4BC30KD,NASA_PCoE_LOT1,168.0,168.0,5238,0.22875,276.766,719.175,5.8713,5.8572
Device4,IGBT_Power_MOSFET,IRG4BC30KD,NASA_PCoE_LOT1,0.0,0.0,1,0.11924,42.38,719.166,2.4566,2.4513
Device4,IGBT_Power_MOSFET,IRG4BC30KD,NASA_PCoE_LOT1,12.0,12.0,769,0.10389,113.296,719.151,2.4577,2.4553
Device4,IGBT_Power_MOSFET,IRG4BC30KD,NASA_PCoE_LOT1,24.0,24.0,1538,0.10557,138.247,719.143,3.4461,3.4434
Device4,IGBT_Power_MOSFET,IRG4BC30KD,NASA_PCoE_LOT1,48.0,48.0,3077,0.10769,216.299,719.154,4.4355,4.4324
Device4,IGBT_Power_MOSFET,IRG4BC30KD,NASA_PCoE_LOT1,72.0,72.0,4616,0.11165,253.379,719.171,4.9292,4.9273
Device4,IGBT_Power_MOSFET,IRG4BC30KD,NASA_PCoE_LOT1,96.0,96.0,6154,0.115,259.2,719.183,4.9293,4.927
Device4,IGBT_Power_MOSFET,IRG4BC30KD,NASA_PCoE_LOT1,120.0,120.0,7693,0.10219,259.158,719.193,5.4265,5.4239
Device4,IGBT_Power_MOSFET,IRG4BC30KD,NASA_PCoE_LOT1,144.0,144.0,9232,0.10753,257.885,719.204,5.4249,5.422
Device4,IGBT_Power_MOSFET,IRG4BC30KD,NASA_PCoE_LOT1,168.0,168.0,10771,0.11008,100.217,719.215,2.4597,2.4582
Device4b,IGBT_Power_MOSFET,IRG4BC30KD,NASA_PCoE_LOT1,0.0,0.0,1,0.11618,37.866,719.149,2.4537,2.4528
Device4b,IGBT_Power_MOSFET,IRG4BC30KD,NASA_PCoE_LOT1,12.0,12.0,1043,0.10535,137.914,719.136,3.4447,3.4434
Device4b,IGBT_Power_MOSFET,IRG4BC30KD,NASA_PCoE_LOT1,24.0,24.0,2086,0.10338,176.757,719.132,4.0731,4.0713
Device4b,IGBT_Power_MOSFET,IRG4BC30KD,NASA_PCoE_LOT1,48.0,48.0,4173,0.10096,245.252,719.161,4.9294,4.9278
Device4b,IGBT_Power_MOSFET,IRG4BC30KD,NASA_PCoE_LOT1,72.0,72.0,6260,0.11181,262.412,719.18,5.4244,5.4202
Device4b,IGBT_Power_MOSFET,IRG4BC30KD,NASA_PCoE_LOT1,96.0,96.0,8347,0.10925,263.305,719.199,5.4257,5.4229
Device4b,IGBT_Power_MOSFET,IRG4BC30KD,NASA_PCoE_LOT1,120.0,120.0,10434,0.10547,273.436,719.201,5.4256,5.4229
Device4b,IGBT_Power_MOSFET,IRG4BC30KD,NASA_PCoE_LOT1,144.0,144.0,12521,0.10385,264.446,719.205,5.8213,5.8188
Device4b,IGBT_Power_MOSFET,IRG4BC30KD,NASA_PCoE_LOT1,168.0,168.0,14608,0.0982,273.65,719.223,5.9226,5.92
Device5,IGBT_Power_MOSFET,IRG4BC30KD,NASA_PCoE_LOT1,0.0,0.0,1,0.11683,35.682,719.085,2.457,2.4528
Device5,IGBT_Power_MOSFET,IRG4BC30KD,NASA_PCoE_LOT1,12.0,12.0,750,0.10691,99.148,719.059,2.7022,2.7006
Device5,IGBT_Power_MOSFET,IRG4BC30KD,NASA_PCoE_LOT1,24.0,24.0,1501,0.11219,136.395,719.035,2.9512,2.9489
Device5,IGBT_Power_MOSFET,IRG4BC30KD,NASA_PCoE_LOT1,48.0,48.0,3003,0.10925,212.542,719.014,4.1932,4.1907
Device5,IGBT_Power_MOSFET,IRG4BC30KD,NASA_PCoE_LOT1,72.0,72.0,4504,0.10875,272.26,719.026,4.9305,4.928
Device5,IGBT_Power_MOSFET,IRG4BC30KD,NASA_PCoE_LOT1,96.0,96.0,6006,0.10717,276.904,719.051,5.4261,5.4234
Device5,IGBT_Power_MOSFET,IRG4BC30KD,NASA_PCoE_LOT1,120.0,120.0,7507,0.10425,275.846,719.076,5.9214,5.9188
Device5,IGBT_Power_MOSFET,IRG4BC30KD,NASA_PCoE_LOT1,144.0,144.0,9009,0.11096,276.157,719.098,5.9203,5.9188
Device5,IGBT_Power_MOSFET,IRG4BC30KD,NASA_PCoE_LOT1,168.0,168.0,10511,0.08298,73.387,719.116,2.4619,2.4615
