component_id,physical_device_id,source_files,part_type,part_number,lot_id,checkpoint,elapsed_time,raw_cycle,param_01,param_02,param_03,param_04,param_05
Device_2,Device_2,"Device2, Device2b",IGBT_Power_MOSFET,IRG4BC30KD,NASA_PCoE_LOT1,0.0,0.0,1,0.12087,35.214,718.802,2.4534,2.4502
Device_2,Device_2,"Device2, Device2b",IGBT_Power_MOSFET,IRG4BC30KD,NASA_PCoE_LOT1,12.0,12.0,1243,0.10708,138.032,718.825,3.4454,3.4433
Device_2,Device_2,"Device2, Device2b",IGBT_Power_MOSFET,IRG4BC30KD,NASA_PCoE_LOT1,24.0,24.0,2487,0.11381,214.076,718.858,4.4343,4.4319
Device_2,Device_2,"Device2, Device2b",IGBT_Power_MOSFET,IRG4BC30KD,NASA_PCoE_LOT1,48.0,48.0,4975,0.11284,253.895,718.931,4.9293,4.927
Device_2,Device_2,"Device2, Device2b",IGBT_Power_MOSFET,IRG4BC30KD,NASA_PCoE_LOT1,72.0,72.0,7462,0.11412,275.954,719.017,5.4241,5.4218
Device_2,Device_2,"Device2, Device2b",IGBT_Power_MOSFET,IRG4BC30KD,NASA_PCoE_LOT1,96.0,96.0,9950,0.10553,275.411,719.091,5.4251,5.4223
Device_2,Device_2,"Device2, Device2b",IGBT_Power_MOSFET,IRG4BC30KD,NASA_PCoE_LOT1,120.0,120.0,12437,0.10676,152.384,719.147,4.4341,4.4321
Device_2,Device_2,"Device2, Device2b",IGBT_Power_MOSFET,IRG4BC30KD,NASA_PCoE_LOT1,144.0,144.0,14925,0.10444,255.419,719.182,5.4248,5.4224
Device_2,Device_2,"Device2, Device2b",IGBT_Power_MOSFET,IRG4BC30KD,NASA_PCoE_LOT1,168.0,168.0,17413,0.20387,280.334,719.202,5.8764,5.8655
Device_3,Device_3,"Device3, Device3b",IGBT_Power_MOSFET,IRG4BC30KD,NASA_PCoE_LOT1,0.0,0.0,1,0.11712,32.688,719.284,2.4546,2.4515
Device_3,Device_3,"Device3, Device3b",IGBT_Power_MOSFET,IRG4BC30KD,NASA_PCoE_LOT1,12.0,12.0,1076,0.11279,116.594,719.273,2.7042,2.7014
Device_3,Device_3,"Device3, Device3b",IGBT_Power_MOSFET,IRG4BC30KD,NASA_PCoE_LOT1,24.0,24.0,2153,0.1126,175.168,719.249,3.9395,3.9366
Device_3,Device_3,"Device3, Device3b",IGBT_Power_MOSFET,IRG4BC30KD,NASA_PCoE_LOT1,48.0,48.0,4307,0.11163,272.551,719.212,5.4251,5.4224
Device_3,Device_3,"Device3, Device3b",IGBT_Power_MOSFET,IRG4BC30KD,NASA_PCoE_LOT1,72.0,72.0,6460,0.10736,275.145,719.189,5.4254,5.4225
Device_3,Device_3,"Device3, Device3b",IGBT_Power_MOSFET,IRG4BC30KD,NASA_PCoE_LOT1,96.0,96.0,8614,0.10815,271.457,719.197,5.9202,5.917
Device_3,Device_3,"Device3, Device3b",IGBT_Power_MOSFET,IRG4BC30KD,NASA_PCoE_LOT1,120.0,120.0,10767,0.11654,110.49,719.189,3.2868,3.2837
Device_3,Device_3,"Device3, Device3b",IGBT_Power_MOSFET,IRG4BC30KD,NASA_PCoE_LOT1,144.0,144.0,12921,0.10448,216.002,719.178,4.9306,4.9292
Device_3,Device_3,"Device3, Device3b",IGBT_Power_MOSFET,IRG4BC30KD,NASA_PCoE_LOT1,168.0,168.0,15075,0.22875,276.766,719.175,5.8713,5.8572
Device_4,Device_4,"Device4, Device4b",IGBT_Power_MOSFET,IRG4BC30KD,NASA_PCoE_LOT1,0.0,0.0,1,0.11924,42.38,719.166,2.4566,2.4513
Device_4,Device_4,"Device4, Device4b",IGBT_Power_MOSFET,IRG4BC30KD,NASA_PCoE_LOT1,12.0,12.0,1812,0.11293,150.542,719.141,3.4445,3.441
Device_4,Device_4,"Device4, Device4b",IGBT_Power_MOSFET,IRG4BC30KD,NASA_PCoE_LOT1,24.0,24.0,3625,0.11355,235.305,719.159,4.9301,4.9275
Device_4,Device_4,"Device4, Device4b",IGBT_Power_MOSFET,IRG4BC30KD,NASA_PCoE_LOT1,48.0,48.0,7251,0.10673,261.233,719.191,4.9302,4.9282
Device_4,Device_4,"Device4, Device4b",IGBT_Power_MOSFET,IRG4BC30KD,NASA_PCoE_LOT1,72.0,72.0,10876,0.11008,66.301,719.147,2.4562,2.4537
Device_4,Device_4,"Device4, Device4b",IGBT_Power_MOSFET,IRG4BC30KD,NASA_PCoE_LOT1,96.0,96.0,14502,0.10197,233.494,719.152,4.9302,4.9284
Device_4,Device_4,"Device4, Device4b",IGBT_Power_MOSFET,IRG4BC30KD,NASA_PCoE_LOT1,120.0,120.0,18127,0.11301,262.368,719.193,5.4239,5.4218
Device_4,Device_4,"Device4, Device4b",IGBT_Power_MOSFET,IRG4BC30KD,NASA_PCoE_LOT1,144.0,144.0,21753,0.10162,273.216,719.204,5.4252,5.4228
Device_4,Device_4,"Device4, Device4b",IGBT_Power_MOSFET,IRG4BC30KD,NASA_PCoE_LOT1,168.0,168.0,25379,0.0982,273.65,719.223,5.9226,5.92
Device_5,Device_5,Device5,IGBT_Power_MOSFET,IRG4BC30KD,NASA_PCoE_LOT1,0.0,0.0,1,0.11683,35.682,719.085,2.457,2.4528
Device_5,Device_5,Device5,IGBT_Power_MOSFET,IRG4BC30KD,NASA_PCoE_LOT1,12.0,12.0,750,0.10691,99.148,719.059,2.7022,2.7006
Device_5,Device_5,Device5,IGBT_Power_MOSFET,IRG4BC30KD,NASA_PCoE_LOT1,24.0,24.0,1501,0.11219,136.395,719.035,2.9512,2.9489
Device_5,Device_5,Device5,IGBT_Power_MOSFET,IRG4BC30KD,NASA_PCoE_LOT1,48.0,48.0,3003,0.10925,212.542,719.014,4.1932,4.1907
Device_5,Device_5,Device5,IGBT_Power_MOSFET,IRG4BC30KD,NASA_PCoE_LOT1,72.0,72.0,4504,0.10875,272.26,719.026,4.9305,4.928
Device_5,Device_5,Device5,IGBT_Power_MOSFET,IRG4BC30KD,NASA_PCoE_LOT1,96.0,96.0,6006,0.10717,276.904,719.051,5.4261,5.4234
Device_5,Device_5,Device5,IGBT_Power_MOSFET,IRG4BC30KD,NASA_PCoE_LOT1,120.0,120.0,7507,0.10425,275.846,719.076,5.9214,5.9188
Device_5,Device_5,Device5,IGBT_Power_MOSFET,IRG4BC30KD,NASA_PCoE_LOT1,144.0,144.0,9009,0.11096,276.157,719.098,5.9203,5.9188
Device_5,Device_5,Device5,IGBT_Power_MOSFET,IRG4BC30KD,NASA_PCoE_LOT1,168.0,168.0,10511,0.08298,73.387,719.116,2.4619,2.4615
