,missing_count,missing_percent,valid_count,unique_values,mean,std,min,max,infinite_count
feature_1_level,0,0.0,602108,45,0.0062926599120539835,1.0022364583989891,-0.651646414,2.415684433,0
feature_1_delta,5104,0.8476884545629688,597004,214,-1.6908006880844892e-18,0.4214986000922634,-3.067330847,3.067330847,0
feature_1_slope,5104,0.8476884545629688,597004,71142,-0.037123189173689015,46.17572634339784,-2279.75836864686,804.5023454471536,0
feature_1_rolling_std,5104,0.8476884545629688,597004,246,0.0983777934704365,0.3297910357745623,0.0,1.7709242902090927,0
feature_1_spike,5104,0.8476884545629688,597004,157,0.08519856200871351,0.41279808957002306,0.0,3.067330847,0
feature_2_level,0,0.0,602108,1498,-0.00044731631809243,0.9990428629622917,-0.983479235,2.000301468,0
feature_2_delta,5104,0.8476884545629688,597004,6617,-0.005002514411633751,0.12018417150720458,-1.452242923,1.92352368,0
feature_2_slope,5104,0.8476884545629688,597004,263293,-0.5675495385567684,12.708875978123768,-183.0100620126324,611.6684505769516,0
feature_2_rolling_std,5104,0.8476884545629688,597004,4931,0.0538373004592013,0.08213039905264216,0.0,1.1105469144406197,0
feature_2_spike,5104,0.8476884545629688,597004,4134,0.04670818065883476,0.11084945862938485,0.0,1.92352368,0
feature_3_level,0,0.0,602108,1451,-0.0024105813444415362,0.9990422520989385,-1.019931847,1.982629848,0
feature_3_delta,5104,0.8476884545629688,597004,6716,-0.004921451325373024,0.1239417306021448,-1.606143001,2.01722356,0
feature_3_slope,5104,0.8476884545629688,597004,274517,-0.5602055882350918,13.135101677719389,-235.41122775262008,651.5536833127712,0
feature_3_rolling_std,5104,0.8476884545629688,597004,5180,0.05704694719156659,0.08365667162350933,0.0,1.19582202291245,0
feature_3_spike,5104,0.8476884545629688,597004,4323,0.049506610762834066,0.11373154660780489,0.0,2.01722356,0
feature_4_level,0,0.0,602108,56,0.00718348280380097,1.0031008814969424,-0.655091685,1.770596891,0
feature_4_delta,5104,0.8476884545629688,597004,145,-1.826183761217519e-18,0.4177277137972379,-2.425688576,2.423322051,0
feature_4_slope,5104,0.8476884545629688,597004,46997,0.004491640360669074,46.69223816588533,-2472.1066026976164,602.6917375885961,0
feature_4_rolling_std,5104,0.8476884545629688,597004,229,0.09051520400231984,0.3288378571519383,0.0,1.4004719523238,0
feature_4_spike,5104,0.8476884545629688,597004,133,0.07839081628488585,0.4103063642001848,0.0,2.425688576,0
feature_5_level,0,0.0,602108,1407,-0.0002262086063663025,1.0011317977476637,-1.449190369,1.763198311,0
feature_5_delta,5104,0.8476884545629688,597004,7904,4.114022915424907e-05,0.1927093086948211,-2.504347016,2.048568046,0
feature_5_slope,5104,0.8476884545629688,597004,242249,0.02920628157937188,21.40063032680821,-522.046429587133,731.3847465867087,0
feature_5_rolling_std,5104,0.8476884545629688,597004,6703,0.04987369969101553,0.14924090287064684,0.0,1.4458854238318362,0
feature_5_spike,5104,0.8476884545629688,597004,5056,0.04320142403159441,0.18780445464785703,0.0,2.504347016,0
feature_6_level,0,0.0,602108,1531,-0.0005062400702764338,0.9989959196393335,-0.9885789,1.996132349,0
feature_6_delta,5104,0.8476884545629688,597004,6912,-0.005049627311393218,0.11864934829971094,-1.436273934,1.84656855,0
feature_6_slope,5104,0.8476884545629688,597004,263638,-0.572589422125681,12.554859987225305,-178.95936019814425,620.1846291304307,0
feature_6_rolling_std,5104,0.8476884545629688,597004,5225,0.05399813766748211,0.08052450303040767,0.0,1.086863430374666,0
feature_6_spike,5104,0.8476884545629688,597004,4346,0.04684703128855919,0.10912615916446147,0.0,1.84656855,0
feature_7_level,0,0.0,602108,155,-0.007925913960493778,1.0014449459818524,-1.383174295,1.281928551,0
feature_7_delta,5104,0.8476884545629688,597004,719,-3.1477833983765934e-07,0.22294298259048909,-2.340506987,2.648018853,0
feature_7_slope,5104,0.8476884545629688,597004,145905,-0.0070400239572513375,24.758018993154327,-1399.4617238717346,1020.074256309634,0
feature_7_rolling_std,5104,0.8476884545629688,597004,606,0.0708453945793139,0.16767680403702548,0.0,1.528834397598754,0
feature_7_spike,5104,0.8476884545629688,597004,436,0.061358737137901916,0.21433308787249716,0.0,2.648018853,0
feature_8_level,0,0.0,602108,1481,-0.00229625127302079,0.9992726193350536,-1.026252468,1.964103884,0
feature_8_delta,5104,0.8476884545629688,597004,6830,-0.004993973386722698,0.12256633100270944,-1.573898669,2.0375316960000003,0
feature_8_slope,5104,0.8476884545629688,597004,278496,-0.5684755440589035,12.985329310934105,-226.81639655146665,551.6982318271104,0
feature_8_rolling_std,5104,0.8476884545629688,597004,5241,0.057458398693012565,0.08201162415575475,0.0,1.1892630035404383,0
feature_8_spike,5104,0.8476884545629688,597004,4206,0.04986151565197049,0.11207707348024884,0.0,2.0375316960000003,0
feature_9_level,0,0.0,602108,693,-0.02172422295249191,0.986218144393552,-1.658850206,4.005785351,0
feature_9_delta,5104,0.8476884545629688,597004,3693,0.00028214910527400516,0.3574638201799797,-4.73803214,2.779810251,0
feature_9_slope,5104,0.8476884545629688,597004,268074,-0.008128626333169036,38.789751147536606,-977.2141549748104,1751.8765304519254,0
feature_9_rolling_std,5104,0.8476884545629688,597004,3427,0.10358137582811289,0.27286280941510327,0.0,2.7355041314580983,0
feature_9_spike,5104,0.8476884545629688,597004,2406,0.08972722438265907,0.34601947064413535,0.0,4.73803214,0
feature_10_level,0,0.0,602108,37,0.004482201011170724,1.003499108011113,-0.760414352,1.794949222,0
feature_10_delta,5104,0.8476884545629688,597004,163,1.63868541550806e-05,0.3380838184696218,-2.494833194,2.172549824,0
feature_10_slope,5104,0.8476884545629688,597004,115759,-0.04109576792193926,37.14763865041365,-2486.646204193537,602.4316609857365,0
feature_10_rolling_std,5104,0.8476884545629688,597004,200,0.07193659497731943,0.26650632217275394,0.0,1.4403926161391138,0
feature_10_spike,5104,0.8476884545629688,597004,140,0.06231295646858646,0.3322916753872697,0.0,2.494833194,0
feature_11_level,0,0.0,602108,91,-0.0008873074048110346,0.9991569669127531,-0.692934831,6.965005145,0
feature_11_delta,5104,0.8476884545629688,597004,426,-1.1693526976105662e-18,0.3101190549388362,-5.56744151,7.657939976,0
feature_11_slope,5104,0.8476884545629688,597004,56246,-0.018749920142838848,34.22585675866097,-1999.987031071143,1516.5449454708155,0
feature_11_rolling_std,5104,0.8476884545629688,597004,422,0.050459017061625436,0.24813316373514568,0.0,4.421313706581596,0
feature_11_spike,5104,0.8476884545629688,597004,312,0.043699164487772266,0.3070247678291691,0.0,7.657939976,0
feature_12_level,0,0.0,602108,38,0.00431344881353019,1.0033620072684324,-0.753058651,1.78557878,0
feature_12_delta,5104,0.8476884545629688,597004,178,3.566441397378267e-06,0.33672366543614857,-2.478037698,2.1602985610000003,0
feature_12_slope,5104,0.8476884545629688,597004,88403,-0.03911717173864193,37.04512607356669,-2506.203316242715,607.8191117108252,0
feature_12_rolling_std,5104,0.8476884545629688,597004,207,0.0713414529382527,0.2655164139204656,0.0,1.4306957320023406,0
feature_12_spike,5104,0.8476884545629688,597004,155,0.06178695661307797,0.3310063329836966,0.0,2.478037698,0
feature_13_level,0,0.0,602108,2252,0.00021750155631548136,0.9994384652918273,-1.451914139,1.052207587,0
feature_13_delta,5104,0.8476884545629688,597004,11911,1.7242324275883904e-05,0.170581176758775,-2.306541719,1.351647561,0
feature_13_slope,5104,0.8476884545629688,597004,275790,-0.02006418969346307,18.946061928398585,-879.8274490292499,306.1978236214043,0
feature_13_rolling_std,5104,0.8476884545629688,597004,13155,0.051064435097481396,0.1295835852949325,0.0,1.331682482361752,0
feature_13_spike,5104,0.8476884545629688,597004,9629,0.04422872618753307,0.16474754828181085,0.0,2.306541719,0
feature_14_level,0,0.0,602108,38,-0.00026868856349030173,0.999827243935849,-0.697952082,1.761945211,0
feature_14_delta,5104,0.8476884545629688,597004,90,-5.59385005472739e-19,0.29713635075020645,-2.459897293,2.099621356,0
feature_14_slope,5104,0.8476884545629688,597004,43476,-0.004840677260952459,33.40836296616834,-2506.984185925025,582.3163227759377,0
feature_14_rolling_std,5104,0.8476884545629688,597004,127,0.048581885793260025,0.2376948261978827,0.0,1.420222364292382,0
feature_14_spike,5104,0.8476884545629688,597004,86,0.042074018294152124,0.29414245690914853,0.0,2.459897293,0
feature_15_level,0,0.0,602108,103,0.007223425436956473,1.003032544078153,-0.653818026,1.769610176,0
feature_15_delta,5104,0.8476884545629688,597004,454,-7.408875870357023e-19,0.39609318053095555,-2.423428202,2.413656314,0
feature_15_slope,5104,0.8476884545629688,597004,64458,0.0011626457873808174,44.2274764740602,-2163.1880285554985,552.0975210901588,0
feature_15_rolling_std,5104,0.8476884545629688,597004,500,0.089443354836872,0.31079009403651287,0.0,1.399166924786431,0
feature_15_spike,5104,0.8476884545629688,597004,389,0.07746226764944622,0.3884448412617395,0.0,2.423428202,0
