method,threshold,precision,recall,f1,fpr,fnr,tn,fp,fn,tp
Baseline_Distance,8.186730666443209,0.38809899947340704,0.6324008923974601,0.481007701344472,0.44142227624981006,0.3675991076025399,7352,5810,2142,3685
Baseline_Distance,8.199104106864999,0.38869482375357256,0.6301698987472113,0.4808170747675789,0.4387631059109558,0.36983010125278876,7387,5775,2155,3672
Baseline_Distance,8.211819397762952,0.3891489361702128,0.6277672902007895,0.4804623366388652,0.4362558881628932,0.3722327097992106,7420,5742,2169,3658
Baseline_Distance,8.223105604632739,0.38857998289136014,0.6236485326926378,0.4788194215692733,0.4344324570733931,0.3763514673073623,7444,5718,2193,3634
Baseline_Distance,8.235581106199485,0.38807092960773776,0.619701390080659,0.4772667195347608,0.432609025983893,0.380298609919341,7468,5694,2216,3611
Baseline_Distance,8.247886003654125,0.38781462676893164,0.6160974772610263,0.4760010607265977,0.43055766600820544,0.38390252273897374,7495,5667,2237,3590
Baseline_Distance,8.25833118554227,0.38783930510314873,0.6130084091299125,0.47509476624326663,0.4283543534417262,0.3869915908700875,7524,5638,2255,3572
Baseline_Distance,8.274387466076629,0.38746998471949357,0.6092328814141067,0.4736806991793982,0.4263789697614344,0.39076711858589325,7550,5612,2277,3550
Baseline_Distance,8.289580848667317,0.3874931431705979,0.6061438132829929,0.47276134386293667,0.42417565719495515,0.39385618671700706,7579,5583,2295,3532
Baseline_Distance,8.300279703608059,0.3877798610345208,0.6033979749442252,0.4721364307774943,0.4217444157422884,0.39660202505577485,7611,5551,2311,3516
Baseline_Distance,8.313654872493418,0.3876940133037694,0.6001372919169384,0.4710715969556139,0.41961707947120497,0.3998627080830616,7639,5523,2330,3497
Baseline_Distance,8.32592068661114,0.387761925991975,0.5970482237858246,0.47016690316913307,0.4173377906093299,0.4029517762141754,7669,5493,2348,3479
Baseline_Distance,8.340008176107329,0.3883473389355742,0.5948172301355757,0.46990238611713664,0.41475459656587144,0.40518276986442425,7703,5459,2361,3466
Baseline_Distance,8.35335237814357,0.388194209755548,0.591384932212116,0.4687159956474429,0.412627260294788,0.408615067787884,7731,5431,2381,3446
Baseline_Distance,8.36449462872068,0.38765571913929786,0.5874377896001373,0.4670805758340725,0.41080382920528796,0.4125622103998627,7755,5407,2404,3423
Baseline_Distance,8.378463371434677,0.3880664996583922,0.5848635661575424,0.46656170853583406,0.40829661145722534,0.4151364338424575,7788,5374,2419,3408
Baseline_Distance,8.392396212214216,0.38855180309101317,0.5824609576111206,0.4661447603351188,0.4057893937091627,0.41753904238887934,7821,5341,2433,3394
Baseline_Distance,8.406255514285746,0.3888121546961326,0.5797151192723529,0.4654495349638305,0.4034341285518918,0.42028488072764714,7852,5310,2449,3378
Baseline_Distance,8.420005121436906,0.38935185185185184,0.577312510725931,0.46505840879242416,0.40085093450843334,0.42268748927406896,7886,5276,2463,3364
Baseline_Distance,8.435597477107827,0.3895030839055045,0.5743950574909902,0.46421636615811374,0.3985716456465583,0.42560494250900976,7916,5246,2480,3347
Baseline_Distance,8.447232509292247,0.3898186073727326,0.5716492191522224,0.46354021708878373,0.3961404041938915,0.4283507808477776,7948,5214,2496,3331
Baseline_Distance,8.46218319373445,0.39020946104965876,0.5690749957096276,0.4629668411867365,0.39370916274122475,0.4309250042903724,7980,5182,2511,3316
Baseline_Distance,8.48038517883217,0.39005917159763315,0.5656426977861678,0.46172165020662603,0.39158182647014134,0.4343573022138322,8008,5154,2531,3296
Baseline_Distance,8.496078584028925,0.3895037486611924,0.5616955551741891,0.4600140548137737,0.3897583953806412,0.4383044448258109,8032,5130,2554,3273
Baseline_Distance,8.510615888316886,0.3898264512268103,0.5589497168354213,0.459314624171485,0.38732715392797445,0.44105028316457867,8064,5098,2570,3257
Baseline_Distance,8.527598654593138,0.38986519017814153,0.5558606487043075,0.4582950123806155,0.3851238413614952,0.4441393512956925,8093,5069,2588,3239
Baseline_Distance,8.543718713964859,0.3895883777239709,0.5522567358846748,0.45687513310144107,0.38307248138580763,0.4477432641153252,8120,5042,2609,3218
Baseline_Distance,8.561819801667166,0.39023499330329964,0.5500257422344259,0.4565527065527066,0.3804892873423492,0.44997425776557404,8154,5008,2622,3205
Baseline_Distance,8.57973035355879,0.3897121861604409,0.5460785996224472,0.45483133218982275,0.3785898799574533,0.4539214003775528,8179,4983,2645,3182
Baseline_Distance,8.595120156649436,0.38999753633899975,0.5433327612836795,0.45406955898171386,0.37623461480018233,0.4566672387163206,8210,4952,2661,3166
Baseline_Distance,8.61435168192867,0.3903345724907063,0.5405869229449116,0.45333525221270776,0.37380337334751557,0.4594130770550884,8242,4920,2677,3150
Baseline_Distance,8.633991867649515,0.3902530225601396,0.5373262399176248,0.45212996389891696,0.37167603707643215,0.46267376008237515,8270,4892,2696,3131
Baseline_Distance,8.651129442683587,0.39109717868338556,0.535266861163549,0.4519634835531082,0.36894089044218203,0.464733138836451,8306,4856,2708,3119
Baseline_Distance,8.669875323085012,0.3906407669021191,0.5314913334477432,0.45030897855325336,0.3670414830572861,0.46850866655225676,8331,4831,2730,3097
Baseline_Distance,8.692032392960062,0.390305798756503,0.5278874206281106,0.4487890283046396,0.36506609937699436,0.4721125793718895,8357,4805,2751,3076
Baseline_Distance,8.707982456123887,0.38976126643686965,0.5239402780161319,0.4469985358711567,0.36316669199209844,0.4760597219838682,8382,4780,2774,3053
Baseline_Distance,8.726997018984386,0.38954533778576933,0.5205079800926721,0.44560346727392935,0.3611153320164109,0.479492019907328,8409,4753,2794,3033
Baseline_Distance,8.748822429236386,0.39002326182476094,0.5179337566500772,0.4449686693697014,0.35860811426834827,0.48206624334992276,8442,4720,2809,3018
Baseline_Distance,8.769808574256915,0.39019633337667403,0.5150163034151364,0.44400059180352125,0.3563288254064732,0.48498369658486357,8472,4690,2826,3001
Baseline_Distance,8.790411516414165,0.3904226089231977,0.5120988501801956,0.44305864884929475,0.35397356024920223,0.48790114981980437,8503,4659,2843,2984
Baseline_Distance,8.817698302436641,0.3908636124275935,0.5095246267376008,0.44237502793712286,0.35154231879653547,0.49047537326239915,8535,4627,2858,2969
Baseline_Distance,8.842096405839836,0.39069952305246425,0.506092328814141,0.4409719626168224,0.34941498252545206,0.49390767118585893,8563,4599,2878,2949
Baseline_Distance,8.867316714652077,0.3912811625116651,0.5036897202677192,0.4404261704681873,0.34690776477738944,0.49631027973228076,8596,4566,2892,2935
Baseline_Distance,8.893243218450394,0.39111767073661613,0.5002574223442595,0.43900602409638556,0.344780428506306,0.49974257765574054,8624,4538,2912,2915
Baseline_Distance,8.918519148096943,0.39076424520658926,0.4966535095246267,0.43739137005969925,0.34280504482601426,0.5033464904753733,8650,4512,2933,2894
Baseline_Distance,8.94852066657985,0.3899157379722751,0.49236313712030205,0.43519150549867275,0.34105759003191005,0.507636862879698,8673,4489,2958,2869
Baseline_Distance,8.96498043484466,0.38982355354944603,0.4891024540930153,0.433855990257269,0.33893025376082664,0.5108975459069848,8701,4461,2977,2850
Baseline_Distance,8.99143364549537,0.38909541511771994,0.48498369658486357,0.4317799847211612,0.3371068226713265,0.5150163034151364,8725,4437,3001,2826
Baseline_Distance,9.018580333921731,0.3898281596452328,0.4827527029346147,0.4313424825576938,0.3345236286278681,0.5172472970653853,8759,4403,3014,2813
Baseline_Distance,9.04519264019667,0.3900669642857143,0.47983524969967395,0.43031935359753754,0.3321683634705972,0.520164750300326,8790,4372,3031,2796
Baseline_Distance,9.068000974405383,0.3909563263586575,0.4777758709455981,0.43002780352177944,0.3295091931317429,0.522224129054402,8825,4337,3043,2784
Baseline_Distance,9.09127719476292,0.39100932994062765,0.4746868028144843,0.4288039686845981,0.32730588056526366,0.5253131971855157,8854,4308,3061,2766
Baseline_Distance,9.118304616876884,0.39097637346996866,0.4714261197871975,0.4274488446277134,0.3251025679987844,0.5285738802128025,8883,4279,3080,2747
Baseline_Distance,9.143201230180576,0.39117352056168503,0.46850866655225676,0.42636264251132283,0.3228232791369093,0.5314913334477432,8913,4249,3097,2730
Baseline_Distance,9.164397334613456,0.3909969701341798,0.465076368628797,0.42483147828813295,0.32069594286582587,0.534923631371203,8941,4221,3117,2710
Baseline_Distance,9.194658265953887,0.3911969785008716,0.4621589153938562,0.42372748013531586,0.31841665400395075,0.5378410846061438,8971,4191,3134,2693
Baseline_Distance,9.21946923111254,0.3910181392627267,0.45872661747039645,0.42217484008528783,0.31628931773286734,0.5412733825296036,8999,4163,3154,2673
Baseline_Distance,9.244675279193519,0.391221092944469,0.45580916423545564,0.42105263157894735,0.3140100288709923,0.5441908357645444,9029,4133,3171,2656
Baseline_Distance,9.276509332776167,0.39103990505859665,0.45237686631199586,0.4194780394653087,0.3118826925999088,0.5476231336880041,9057,4105,3191,2636
Baseline_Distance,9.311211636939996,0.3910965043322378,0.4492877981808821,0.41817746186406834,0.3096793800334296,0.550712201819118,9086,4076,3209,2618
Baseline_Distance,9.338882040507423,0.39106229310863677,0.44602711515359533,0.4167401587428846,0.30747606746695033,0.5539728848464047,9115,4047,3228,2599
Baseline_Distance,9.368838319871557,0.3912714047582967,0.44310966191865453,0.4155802349911476,0.3051967786050752,0.5568903380813455,9145,4017,3245,2582
Baseline_Distance,9.398064782795144,0.39123797893451384,0.43984897889136776,0.41412182905154304,0.30299346603859595,0.5601510211086322,9174,3988,3264,2563
Baseline_Distance,9.424902510974615,0.390990159901599,0.43641668096790803,0.41245641067228933,0.3009421060629084,0.563583319032092,9201,3961,3284,2543
Baseline_Distance,9.453265588238205,0.3898698884758364,0.43195469366741035,0.40983473092892614,0.2992706275642,0.5680453063325897,9223,3939,3310,2517
Baseline_Distance,9.484738923767258,0.3883601185832423,0.4271494765745667,0.40683229813664595,0.29782707795167906,0.5728505234254333,9242,3920,3338,2489
Baseline_Distance,9.515895987806354,0.38798930985694075,0.4235455637549339,0.4049885132917624,0.2957757179759915,0.5764544362450661,9269,3893,3359,2468
Baseline_Distance,9.541605764810877,0.38834336395312,0.4207997254161661,0.40392059962111854,0.29342045281872053,0.5792002745838338,9300,3862,3375,2452
Baseline_Distance,9.570227747554757,0.389181426519866,0.4185687317659173,0.4033404994212006,0.2908372587752621,0.5814312682340828,9334,3828,3388,2439
Baseline_Distance,9.59851320674335,0.3889692876668275,0.4151364338424575,0.40162709613149594,0.2887099225041787,0.5848635661575424,9362,3800,3408,2419
Baseline_Distance,9.622016203600944,0.3890149060272197,0.41204736571134376,0.40020001666805566,0.28650660993769944,0.5879526342886563,9391,3771,3426,2401
Baseline_Distance,9.647391424126303,0.3887981711299804,0.408615067787884,0.3984603798845285,0.28437927366661603,0.591384932212116,9419,3743,3446,2381
Baseline_Distance,9.677127064538771,0.3888431792002633,0.4055259996567702,0.39700940860215056,0.28217596110013676,0.5944740003432298,9448,3714,3464,2363
Baseline_Distance,9.70097111856301,0.38911925692486315,0.4026085464218294,0.395748987854251,0.27982069594286585,0.5973914535781706,9479,3683,3481,2346
Baseline_Distance,9.729345145802718,0.389501838849883,0.3998627080830616,0.39461427724616815,0.2774654307855949,0.6001372919169384,9510,3652,3497,2330
Baseline_Distance,9.757861884067115,0.3902932254802831,0.3974600995366398,0.39384406087917695,0.27488223674213647,0.6025399004633603,9544,3618,3511,2316
Baseline_Distance,9.79180362507632,0.39035162221844744,0.394371031405526,0.3923510329520232,0.2726789241756572,0.605628968594474,9573,3589,3529,2298
Baseline_Distance,9.826029205977791,0.39099160815208084,0.3917968079629312,0.39139379393108176,0.2701717064275946,0.6082031920370689,9606,3556,3544,2283
Baseline_Distance,9.861931288596006,0.3912292817679558,0.3888793547279904,0.3900507788966348,0.2678924175657195,0.6111206452720096,9636,3526,3561,2266
Baseline_Distance,9.897884935406106,0.39223537604456826,0.38664836107774153,0.38942183043816436,0.2652332472268652,0.6133516389222584,9671,3491,3574,2253
Baseline_Distance,9.928950316207592,0.3930138669475162,0.3842457525313197,0.3885803540437348,0.26272602947880264,0.6157542474686802,9704,3458,3588,2239
Baseline_Distance,9.962796387758397,0.3938750221278102,0.3818431439848979,0.38776577204600904,0.26014283543534417,0.6181568560151021,9738,3424,3602,2225
Baseline_Distance,9.995464018341616,0.39432345590860407,0.3790973056461301,0.3865605039811007,0.25778757027807325,0.6209026943538699,9769,3393,3618,2209
Baseline_Distance,10.035677885552152,0.39575081022686354,0.37720954178822724,0.3862577980845268,0.2549764473484273,0.6227904582117728,9806,3356,3629,2198
Baseline_Distance,10.078541108573098,0.39785727256219355,0.37600823751501633,0.38662431621669313,0.2519373955325938,0.6239917624849837,9846,3316,3636,2191
Baseline_Distance,10.12090959707873,0.3992673992673993,0.37412047365711343,0.3862851067599894,0.24920224889834372,0.6258795263428866,9882,3280,3647,2180
Baseline_Distance,10.161784620706346,0.3998521803399852,0.37137463531834564,0.38508764124922146,0.24677100744567695,0.6286253646816544,9914,3248,3663,2164
Baseline_Distance,10.200214704028971,0.4005591798695247,0.3688004118757508,0.384024303073624,0.2443397659930102,0.6311995881242491,9946,3216,3678,2149
Baseline_Distance,10.239112313669766,0.3994733872484484,0.36451003947142613,0.3811916726489591,0.24259231119890595,0.6354899605285739,9969,3193,3703,2124
Baseline_Distance,10.291755467082028,0.39943074003795065,0.36124935644413936,0.3793818149049293,0.2404649749278225,0.6387506435558606,9997,3165,3722,2105
Baseline_Distance,10.343961013480701,0.40003829950210645,0.35850351810537157,0.3781337677617884,0.23803373347515575,0.6414964818946285,10029,3133,3738,2089
Baseline_Distance,10.400991056405697,0.40096618357487923,0.35610090955894974,0.3772041447009635,0.23552651572709316,0.6438990904410503,10062,3100,3752,2075
Baseline_Distance,10.468794066058152,0.3996489174956115,0.35163892225845206,0.3741099141865985,0.23385503722838474,0.6483610777415479,10084,3078,3778,2049
Baseline_Distance,10.530362901840158,0.3984251968503937,0.34734854985412733,0.3711378014119373,0.23218355872967633,0.6526514501458727,10106,3056,3803,2024
Baseline_Distance,10.583009996662994,0.3978537360890302,0.3435730221383216,0.36872640206280505,0.2302081750493846,0.6564269778616784,10132,3030,3825,2002
Baseline_Distance,10.639403900365494,0.39679037111334003,0.3394542646301699,0.365889752127266,0.22846072025528036,0.6605457353698301,10155,3007,3849,1978
Baseline_Distance,10.692268060475334,0.39416649787320235,0.3339625879526343,0.36157562244518765,0.22724509952894698,0.6660374120473657,10171,2991,3881,1946
Baseline_Distance,10.762793664747317,0.3934560327198364,0.33018706023682853,0.35905570588784175,0.22534569214405106,0.6698129397631715,10196,2966,3903,1924
Baseline_Distance,10.830595539320857,0.3930194134655101,0.3265831474171958,0.35673446433592654,0.22329433216836347,0.6734168525828041,10223,2939,3924,1903
Baseline_Distance,10.881174748025286,0.391866527632951,0.3224643899090441,0.35379401242703823,0.22154687737425924,0.6775356100909559,10246,2916,3948,1879
Baseline_Distance,10.93991984511946,0.38942712721145745,0.31731594302385446,0.34969267139479904,0.22025528035253,0.6826840569761455,10263,2899,3978,1849
Baseline_Distance,11.006998086042747,0.3895744680851064,0.3142268748927407,0.3478673886197397,0.2179759914906549,0.6857731251072593,10293,2869,3996,1831
Baseline_Distance,11.047772672580308,0.38749194068343007,0.30942165779989705,0.34408396946564884,0.21653244187813403,0.690578342200103,10312,2850,4024,1803
Baseline_Distance,11.10511094675376,0.38610206297502714,0.3051312853955723,0.34087423312883436,0.2147849870840298,0.6948687146044277,10335,2827,4049,1778
Baseline_Distance,11.170788056732903,0.38459850811759544,0.30084091299124766,0.3376023110255176,0.21311350858532138,0.6991590870087524,10357,2805,4074,1753
Baseline_Distance,11.244451971818984,0.38425720620842574,0.2974086150677879,0.33530037728547935,0.21098617231423797,0.7025913849322121,10385,2777,4094,1733
Baseline_Distance,11.297622817076505,0.3827022182388528,0.2931182426634632,0.33197278911564626,0.20931469381552956,0.7068817573365368,10407,2755,4119,1708
Baseline_Distance,11.35533418717775,0.3809739524348811,0.2886562553629655,0.3284514743214216,0.20764321531682114,0.7113437446370345,10429,2733,4145,1682
Baseline_Distance,11.42509994514968,0.38003663003663,0.28488072764715977,0.32564982834722905,0.20574380793192523,0.7151192723528402,10454,2708,4167,1660
Baseline_Distance,11.472554375907576,0.3789351851851852,0.28093358503518107,0.32265694293879965,0.20384440054702932,0.7190664149648189,10479,2683,4190,1637
Baseline_Distance,11.529344977898363,0.37701848818160544,0.2764715977346834,0.319009900990099,0.20224889834371676,0.7235284022653167,10500,2662,4216,1611
Baseline_Distance,11.63942926550681,0.3749112426035503,0.2718379955380127,0.31516116195781935,0.2006533961404042,0.7281620044619873,10521,2641,4243,1584
Baseline_Distance,11.712900064157733,0.37242699856390615,0.26703277844516904,0.31104447776111943,0.1992098465278833,0.732967221554831,10540,2622,4271,1556
Baseline_Distance,11.798524391172533,0.37070217917675546,0.26274240604084437,0.3075223460881792,0.19746239173377905,0.7372575939591557,10563,2599,4296,1531
Baseline_Distance,11.888020890799014,0.3681116825863336,0.25793718894800066,0.30332996972754794,0.19601884212125817,0.7420628110519993,10582,2580,4324,1503
Baseline_Distance,11.96333689201172,0.3660470879801735,0.253475201647503,0.29953356317177043,0.19434736362254976,0.746524798352497,10604,2558,4350,1477
Baseline_Distance,12.055304871929465,0.36384152457372115,0.24901321434700532,0.2956698930208864,0.1927518614192372,0.7509867856529947,10625,2537,4376,1451
Baseline_Distance,12.153754745730424,0.3613296117736615,0.24437961215033466,0.2915642915642916,0.19123233551132046,0.7556203878496653,10645,2517,4403,1424
Baseline_Distance,12.226394030712466,0.3606473156948369,0.2409473142268749,0.28888888888888886,0.18910499924023705,0.7590526857731251,10673,2489,4423,1404
Baseline_Distance,12.312243336620318,0.359334373374935,0.23717178651106915,0.28574382301250906,0.18720559185534114,0.7628282134889308,10698,2464,4445,1382
Baseline_Distance,12.400648218939681,0.35887309110057924,0.23391110348378238,0.2832207792207792,0.18500227928886187,0.7660888965162176,10727,2435,4464,1363
Baseline_Distance,12.464639645961714,0.35990402559317514,0.23168010983353354,0.2818960116934642,0.18241908524540343,0.7683198901664664,10761,2401,4477,1350
Baseline_Distance,12.579415307428754,0.3591682419659735,0.2282478119100738,0.27911857292759706,0.18029174897432002,0.7717521880899262,10789,2373,4497,1330
Baseline_Distance,12.693269794026435,0.3591356673960613,0.225330358675133,0.27691658757777077,0.17801246011244493,0.774669641324867,10819,2343,4514,1313
Baseline_Distance,12.847021147948878,0.3594789356984479,0.2225845203363652,0.27493375728669844,0.17558121865977816,0.7774154796636348,10851,2311,4530,1297
Baseline_Distance,12.95701862642483,0.36001123279977537,0.22001029689377039,0.2731146144013634,0.1731499772071114,0.7799897031062296,10883,2279,4545,1282
Baseline_Distance,13.058038396491026,0.35980643324793626,0.2169212287626566,0.27066381156316915,0.17087068834523628,0.7830787712373434,10913,2249,4563,1264
Baseline_Distance,13.174608278324158,0.3566070398153491,0.21211601166981295,0.2660066716883676,0.1694271387327154,0.787883988330187,10932,2230,4591,1236
Baseline_Distance,13.299307764618057,0.3557636044470451,0.2086837137463532,0.26306111411573824,0.16729980246163198,0.7913162862536468,10960,2202,4611,1216
Baseline_Distance,13.381026949331359,0.35330762385048947,0.2043933413420285,0.25896934116112197,0.16562832396292357,0.7956066586579715,10982,2180,4636,1191
Baseline_Distance,13.519204140518616,0.3511886849232621,0.20027458383387678,0.25508196721311477,0.16380489287342348,0.7997254161661232,11006,2156,4660,1167
Baseline_Distance,13.60950984099554,0.3482905982905983,0.1958125965333791,0.25068658683950346,0.16220939067011092,0.8041874034666209,11027,2135,4686,1141
Baseline_Distance,13.699481426803812,0.3447955390334573,0.19100737944053545,0.2458310325786858,0.16068986476219418,0.8089926205594645,11047,2115,4714,1113
Baseline_Distance,13.773206117871407,0.34140207481923923,0.18637377724386478,0.2411190053285968,0.15917033885427748,0.8136262227561353,11067,2095,4741,1086
Baseline_Distance,13.897862586944264,0.3395022335673261,0.18259824952805903,0.23747349626157796,0.15727093146938156,0.817401750471941,11092,2070,4763,1064
Baseline_Distance,14.028421040293901,0.339598185353208,0.17985241118929124,0.23516212274206216,0.1548396900167148,0.8201475888107088,11124,2038,4779,1048
Baseline_Distance,14.192744473964042,0.3382691674893057,0.17642011326583149,0.23189713512294158,0.1527883300410272,0.8235798867341685,11151,2011,4799,1028
Baseline_Distance,14.30844695998367,0.3340020060180542,0.17144328127681482,0.22658199138126559,0.1513447804285063,0.8285567187231851,11170,1992,4828,999
Baseline_Distance,14.392303384122435,0.335258152173913,0.16938390252273897,0.22505985634477255,0.14868561008965203,0.8306160974772611,11205,1957,4840,987
Baseline_Distance,14.489010515255567,0.33459944751381215,0.16629483439162518,0.22217127135159923,0.14640632122777694,0.8337051656083748,11235,1927,4858,969
Baseline_Distance,14.631333006039943,0.33485433485433486,0.16372061094903037,0.21991701244813278,0.14397507977511018,0.8362793890509697,11267,1895,4873,954
Baseline_Distance,14.753720573561935,0.3334523384505534,0.16028831302557062,0.21650440426518314,0.14184774350402674,0.8397116869744293,11295,1867,4893,934
Baseline_Distance,14.906015773506395,0.33042846768336964,0.1561695555174189,0.21209649225032048,0.1401002887099225,0.843830444482581,11318,1844,4917,910
Baseline_Distance,15.03572074929975,0.328159645232816,0.15239402780161318,0.20813313020039845,0.13812490502963076,0.8476059721983868,11344,1818,4939,888
Baseline_Distance,15.166919089127115,0.3268145919518616,0.1491333447743264,0.2048079189252887,0.13599756875854732,0.8508666552256736,11372,1790,4958,869
Baseline_Distance,15.319614267004052,0.3255457679050172,0.14587266174703964,0.20146954254562693,0.13379425619206808,0.8541273382529604,11401,1761,4977,850
Baseline_Distance,15.542482364879698,0.3244929797191888,0.14278359361592585,0.19830771064235492,0.13159094362558882,0.8572164063840741,11430,1732,4995,832
Baseline_Distance,15.690326544612585,0.32114467408585057,0.13866483610777416,0.19369531343641375,0.12976751253608873,0.8613351638922259,11454,1708,5019,808
Baseline_Distance,15.883241513316008,0.319967598217902,0.13557576797666038,0.1904532304725169,0.1275641999696095,0.8644242320233396,11483,1679,5037,790
Baseline_Distance,16.046399689485703,0.31928954977282115,0.13265831474171957,0.18743937924345297,0.12520893481233855,0.8673416852582804,11514,1648,5054,773
Baseline_Distance,16.262496532423853,0.3159224936815501,0.12871117212974087,0.18290452383855627,0.12338550372283848,0.8712888278702592,11538,1624,5077,750
Baseline_Distance,16.535078413185772,0.3154275891706059,0.12596533379097305,0.18003433897473634,0.12103023856556755,0.8740346662090269,11569,1593,5093,734
Baseline_Distance,16.78850168994802,0.31329530495831504,0.1225330358675133,0.17616580310880828,0.11890290229448412,0.8774669641324867,11597,1565,5113,714
Baseline_Distance,17.077759066947756,0.3118279569892473,0.11944396773639952,0.17272614468296316,0.11669958972800486,0.8805560322636005,11626,1536,5131,696
Baseline_Distance,17.52203785247735,0.30815018315018317,0.1154968251244208,0.16801897391087256,0.11480018234310894,0.8845031748755792,11651,1511,5154,673
Baseline_Distance,18.13766674854971,0.3065044454843238,0.11240775699330702,0.16449020592667002,0.1125968697766297,0.8875922430066929,11680,1482,5172,655
Baseline_Distance,18.594522453330264,0.30923887027285785,0.11086322292775012,0.16321374431531077,0.10963379425619207,0.8891367770722499,11719,1443,5181,646
Baseline_Distance,18.86023869685426,0.3095004897159647,0.1084606143813283,0.16063032151480494,0.10712657650812947,0.8915393856186717,11752,1410,5195,632
Baseline_Distance,19.11215592518821,0.31093279839518556,0.10640123562725244,0.15854750031965223,0.10439142987387935,0.8935987643727475,11788,1374,5207,620
Baseline_Distance,19.332420168131865,0.31176168464304055,0.1041702419770036,0.15616156418832003,0.10180823583042091,0.8958297580229964,11822,1340,5220,607
Baseline_Distance,19.610006844495317,0.3070036861506056,0.1000514844688519,0.15091897488998188,0.09998480474092084,0.8999485155311481,11846,1316,5244,583
Baseline_Distance,19.920159057996745,0.3050755939524838,0.09696241633773811,0.14715457741893476,0.09778149217444157,0.9030375836622618,11875,1287,5262,565
Baseline_Distance,20.286369985261274,0.3009977827050998,0.09318688862193239,0.1423142445288953,0.09580610849414982,0.9068131113780676,11901,1261,5284,543
Baseline_Distance,20.566255818582047,0.3022196926579397,0.09112750986785653,0.14003164556962025,0.09314693815529555,0.9088724901321434,11936,1226,5296,531
Baseline_Distance,20.84187302502644,0.29959040374488005,0.08786682684056976,0.13588110403397027,0.09094362558881629,0.9121331731594302,11965,1197,5315,512
Baseline_Distance,21.15225557842103,0.2990373044524669,0.08529260339797494,0.1327280010682334,0.08851238413614952,0.914707396602025,11997,1165,5330,497
Baseline_Distance,21.53866977410203,0.29677819083023543,0.08220353526686117,0.12874613627200646,0.08623309527427443,0.9177964647331388,12027,1135,5348,479
Baseline_Distance,21.823551697192695,0.29802169751116786,0.08014415651278531,0.1263186367324858,0.08357392493542015,0.9198558434872147,12062,1100,5360,467
Baseline_Distance,22.20415445736481,0.2986842105263158,0.07791316286253647,0.12358785899006397,0.08099073089196171,0.9220868371374635,12096,1066,5373,454
Baseline_Distance,22.46777218224299,0.29891304347826086,0.07551055431611464,0.12056446088505275,0.07840753684850327,0.9244894456838854,12130,1032,5387,440
Baseline_Distance,22.784203817104363,0.3017543859649123,0.07379440535438477,0.11858797573083288,0.07559641391885731,0.9262055946456152,12167,995,5397,430
Baseline_Distance,23.073632605826614,0.30355846042120554,0.07173502660030891,0.11604664075513603,0.0728612672846072,0.928264973399691,12203,959,5409,418
Baseline_Distance,23.366997504327674,0.3037593984962406,0.06933241805388708,0.11289646499930138,0.0703540495365446,0.9306675819461129,12236,926,5423,404
Baseline_Distance,23.694330766729408,0.3034321372854914,0.06675819461129226,0.10943873962582641,0.067846831788482,0.9332418053887077,12269,893,5438,389
Baseline_Distance,24.043700506969273,0.3020242914979757,0.06401235627252445,0.10563579722458227,0.06549156663121106,0.9359876437274756,12300,862,5454,373
Baseline_Distance,24.405589494675446,0.3032855939342881,0.06178136262227561,0.10265183917878529,0.06283239629235679,0.9382186373777244,12335,827,5467,360
Baseline_Distance,24.921390316611795,0.30701754385964913,0.060065213660545735,0.10047366154729438,0.060021273362710834,0.9399347863394543,12372,790,5477,350
Baseline_Distance,25.581997246672977,0.3031135531135531,0.056804530633258965,0.09567856626680156,0.057817960796231575,0.943195469366741,12401,761,5496,331
Baseline_Distance,25.978561066808638,0.30526315789473685,0.054745151879183114,0.09284051222351572,0.055158790457377295,0.9452548481208168,12436,726,5508,319
Baseline_Distance,26.256827025181877,0.30792377131394183,0.052685773125107256,0.08997655334114889,0.05242364382312718,0.9473142268748928,12472,690,5520,307
Baseline_Distance,26.565262215345108,0.30736842105263157,0.05011154968251244,0.08617382322561605,0.04999240237046042,0.9498884503174876,12504,658,5535,292
Baseline_Distance,26.865222202939496,0.31596452328159647,0.04891024540930153,0.08470798038341507,0.04687737425923112,0.9510897545906984,12545,617,5542,285
Baseline_Distance,27.298041488402173,0.32046783625730996,0.04702248155139866,0.08201137384016761,0.044142227624981004,0.9529775184486013,12581,581,5553,274
Baseline_Distance,27.99847803991727,0.32094175960346966,0.044448258108803845,0.07808260476334036,0.0416350098769184,0.9555517418911962,12614,548,5568,259
Baseline_Distance,28.39390595575305,0.3223684210526316,0.04204564956238201,0.07438894792773645,0.039127792128855796,0.957954350437618,12647,515,5582,245
Baseline_Distance,28.94508386759816,0.31977559607293127,0.039128196327441224,0.06972477064220184,0.0368485032669807,0.9608718036725588,12677,485,5599,228
Baseline_Distance,29.55651194129653,0.3233082706766917,0.03689720267719238,0.06623536660505237,0.034189332928126426,0.9631027973228076,12712,450,5612,215
Baseline_Distance,30.62689216564686,0.31715210355987056,0.03363651964990561,0.06082234290147401,0.032061996657043006,0.9663634803500943,12740,422,5631,196
Baseline_Distance,32.224792781646826,0.3192982456140351,0.031233911103483784,0.05690167265905893,0.02947880261358456,0.9687660888965162,12774,388,5645,182
Baseline_Distance,33.18272830306522,0.3173996175908222,0.028488072764715978,0.05228346456692914,0.02712353745631363,0.971511927235284,12805,357,5661,166
Baseline_Distance,34.2507837464803,0.32210526315789473,0.026257079114467136,0.04855601396382101,0.024464367117459352,0.9737429208855328,12840,322,5674,153
Baseline_Distance,35.32711553969333,0.32242990654205606,0.023682855671872317,0.044124700239808155,0.022033125664792586,0.9763171443281277,12872,290,5689,138
Baseline_Distance,36.64663683272177,0.3263157894736842,0.02128024712545049,0.03995488964072821,0.019449931621334144,0.9787197528745495,12906,256,5703,124
Baseline_Distance,38.106101694705586,0.3333333333333333,0.019049253475201647,0.03603896103896104,0.016866737577875702,0.9809507465247983,12940,222,5716,111
Baseline_Distance,40.41717375881789,0.3508771929824561,0.01716148961729878,0.032722513089005235,0.014055614648229752,0.9828385103827012,12977,185,5727,100
Baseline_Distance,42.40809392333107,0.3697478991596639,0.015102110863222927,0.02901896125309151,0.011396444309375475,0.9848978891367771,13012,150,5739,88
Baseline_Distance,44.185326528366375,0.38421052631578945,0.01252788742062811,0.02426458367957454,0.00888922656131287,0.9874721125793718,13045,117,5754,73
Isolation_Forest,0.3682233945623239,0.4107424960505529,0.6692980950746524,0.5090719227254927,0.4250873727397052,0.3307019049253475,7567,5595,1927,3900
Isolation_Forest,0.3684273213622326,0.41187678628135915,0.6677535610090956,0.5094932565143381,0.4221242972192676,0.3322464389909044,7606,5556,1936,3891
Isolation_Forest,0.36859710994199185,0.4127659574468085,0.6658657971511928,0.509621067840021,0.41938915058501747,0.3341342028488073,7642,5520,1947,3880
Isolation_Forest,0.3688069274334302,0.4133875106928999,0.6634631886047709,0.5093879702220172,0.41680595654155905,0.3365368113952291,7676,5486,1961,3866
Isolation_Forest,0.36894499147688276,0.41429339065018805,0.661575424746868,0.5095162569389373,0.41407080990730893,0.33842457525313197,7712,5450,1972,3855
Isolation_Forest,0.3691124229561013,0.41514529545209033,0.6595160459927921,0.5095465393794749,0.4113356632730588,0.3404839540072078,7748,5414,1984,3843
Isolation_Forest,0.3693354148498475,0.41487513572204127,0.6557405182769864,0.5082130744164395,0.4094362558881629,0.34425948172301357,7773,5389,2006,3821
Isolation_Forest,0.36947763789827914,0.41541148220912466,0.6531662948343916,0.5078390819934618,0.4069290381401003,0.34683370516560835,7806,5356,2021,3806
Isolation_Forest,0.36963332735917764,0.415907844212836,0.6505920713917968,0.5074287244010173,0.4044977966874335,0.3494079286082032,7838,5324,2036,3791
Isolation_Forest,0.3698588582232952,0.41656556744237344,0.6481894628453749,0.5071841009802605,0.4019146026439751,0.351810537154625,7872,5290,2050,3777
Isolation_Forest,0.3700141912138617,0.41662971175166297,0.6449287798180882,0.5062302148582205,0.39978726637289164,0.3550712201819118,7900,5262,2069,3758
Isolation_Forest,0.3701892420349997,0.4170753455193937,0.6421829414793204,0.5057098452598149,0.39735602492022487,0.3578170585206796,7932,5230,2085,3742
Isolation_Forest,0.3703844104466579,0.41759103641456585,0.6396087180367256,0.5052874186550976,0.3949247834675581,0.3603912819632744,7964,5198,2100,3727
Isolation_Forest,0.37056096124455973,0.41838458938830686,0.6373777243864768,0.5051686615886833,0.39226561312870384,0.3626222756135232,7999,5163,2113,3714
Isolation_Forest,0.3707566404427721,0.4186862967157418,0.6344602711515359,0.5044688544722659,0.3899863242668288,0.36553972884846403,8029,5133,2130,3697
Isolation_Forest,0.37094049509900456,0.41949442040537466,0.6322292775012871,0.5043466356355671,0.38732715392797445,0.3677707224987129,8064,5098,2143,3684
Isolation_Forest,0.3710874513671003,0.4199198626216371,0.6294834391625193,0.503776953715149,0.38497188877070354,0.3705165608374807,8095,5067,2159,3668
Isolation_Forest,0.3712620914233166,0.4203499079189687,0.6267376008237515,0.5032035825008612,0.3826166236134326,0.3732623991762485,8126,5036,2175,3652
Isolation_Forest,0.3714617300629343,0.4212962962962963,0.6246782220696756,0.5032142116541094,0.3798814769791825,0.37532177793032434,8162,5000,2187,3640
Isolation_Forest,0.371672132662549,0.421971372047015,0.6222756135232538,0.5029126213592233,0.3773742592311199,0.37772438647674617,8195,4967,2201,3626
Isolation_Forest,0.3718568128089744,0.42223522527794033,0.61918654539214,0.5020873921514055,0.3750949703692448,0.38081345460786,8225,4937,2219,3608
Isolation_Forest,0.37206736283706987,0.4228053659684632,0.6166123219495452,0.5016404886561955,0.372663728916578,0.38338767805045476,8257,4905,2234,3593
Isolation_Forest,0.3722593447362657,0.4236686390532544,0.6143813282992964,0.5015059186103523,0.37000455857772374,0.38561867170070363,8292,4870,2247,3580
Isolation_Forest,0.37242659884518053,0.4237772224205641,0.6111206452720096,0.5004919184820801,0.36787722230664033,0.3888793547279904,8320,4842,2266,3561
Isolation_Forest,0.3726080797000407,0.42286056253740273,0.606315428179166,0.4982372020871527,0.3663576963987236,0.39368457182083405,8340,4822,2294,3533
Isolation_Forest,0.3728216068162235,0.4232065479056331,0.6033979749442252,0.4974885037141846,0.3640784075368485,0.39660202505577485,8370,4792,2311,3516
Isolation_Forest,0.37299697950822003,0.4232445520581114,0.5999656770207654,0.4963441470859658,0.3619510712657651,0.4000343229792346,8398,4764,2331,3496
Isolation_Forest,0.3732242322366763,0.4225009131864118,0.5955036897202677,0.4943019943019943,0.36035556906245253,0.40449631027973226,8419,4743,2357,3470
Isolation_Forest,0.3734263182843034,0.4230251071647275,0.5927578513815,0.4937106918238994,0.35792432760978576,0.4072421486185001,8451,4711,2373,3454
Isolation_Forest,0.3735759816895608,0.4231337767923134,0.5894971683542132,0.49264969523126567,0.35579699133870235,0.4105028316457869,8479,4683,2392,3435
Isolation_Forest,0.37374618020233535,0.42354399008674104,0.5865797151192723,0.4919047276390588,0.3534417261814314,0.41342028488072763,8510,4652,2409,3418
Isolation_Forest,0.373896952835024,0.42440483609622337,0.5843487214690235,0.49169675090252707,0.35085853213797297,0.4156512785309765,8544,4618,2422,3405
Isolation_Forest,0.37410795358589677,0.42495297805642634,0.5816028831302557,0.4910882480799884,0.3484272906853062,0.4183971168697443,8576,4586,2438,3389
Isolation_Forest,0.3743387409280695,0.4248234106962664,0.577998970310623,0.4897128316975645,0.34645190700501444,0.422001029689377,8602,4560,2459,3368
Isolation_Forest,0.37454589368811025,0.4248191853825657,0.5745666723871632,0.48847388386343743,0.3444005470293269,0.4254333276128368,8629,4533,2479,3348
Isolation_Forest,0.37475130281508945,0.42461381335375975,0.5707911446713575,0.4869692532942899,0.3424251633490351,0.4292088553286425,8655,4507,2501,3326
Isolation_Forest,0.3749348886371957,0.42435139994862575,0.5670156169555517,0.48541835010651585,0.3405257559641392,0.43298438304444825,8680,4482,2523,3304
Isolation_Forest,0.3751279287134848,0.4253036960454898,0.5647846233053029,0.48521931441208993,0.33786658562528493,0.4352153766946971,8715,4447,2536,3291
Isolation_Forest,0.37532028962237024,0.4255623455987518,0.5616955551741891,0.4842432312472259,0.33566327305880567,0.4383044448258109,8744,4418,2554,3273
Isolation_Forest,0.3755553420801941,0.42535653539186186,0.5579200274583834,0.48270230141054193,0.3336878893785139,0.44207997254161663,8770,4392,2576,3251
Isolation_Forest,0.3757696999193262,0.4256187467087941,0.5548309593272696,0.48171049690829176,0.33148457681203464,0.4451690406727304,8799,4363,2594,3233
Isolation_Forest,0.3759754825206717,0.4259406465288818,0.5517418911961558,0.48074766355140186,0.3292052879501596,0.44825810880384415,8829,4333,2612,3215
Isolation_Forest,0.3761693754296596,0.4255432608985469,0.5477947485841771,0.4789915966386555,0.32738185686065946,0.4522052514158229,8853,4309,2635,3192
Isolation_Forest,0.3763474078850539,0.42600295183147724,0.5448772953492363,0.47816265060240964,0.32502659170338855,0.4551227046507637,8884,4278,2652,3175
Isolation_Forest,0.3765769805702303,0.42641101809343773,0.5419598421142955,0.47729161943625786,0.32274730284151343,0.45804015788570446,8914,4248,2669,3158
Isolation_Forest,0.3768337643731149,0.42674639847784723,0.5388707739831817,0.4762988244216913,0.32046801397963837,0.46112922601681827,8944,4218,2687,3140
Isolation_Forest,0.37702194366639186,0.4267542059909725,0.535438476059722,0.4749581367026945,0.31841665400395075,0.464561523940278,8971,4191,2707,3120
Isolation_Forest,0.3772741075275207,0.42668318876497313,0.5318345632400893,0.47349121466768523,0.3163652940282632,0.46816543675991074,8998,4164,2728,3099
Isolation_Forest,0.377460986716541,0.42641352549889133,0.5280590355242835,0.47182396687878553,0.3144658866433673,0.4719409644757165,9023,4139,2750,3077
Isolation_Forest,0.3777269335913712,0.42703683035714285,0.5253131971855157,0.47110427087341283,0.3120346451907005,0.4746868028144843,9055,4107,2766,3061
Isolation_Forest,0.3779367497524372,0.42746805223985396,0.5223957439505749,0.47018844609206056,0.3097553563288254,0.4776042560494251,9085,4077,2783,3044
Isolation_Forest,0.3782147669287883,0.426915465083404,0.5182769864424231,0.46818076118130375,0.3080079015347212,0.4817230135575768,9108,4054,2807,3020
Isolation_Forest,0.37842373874295443,0.42727013948192427,0.5151879183113094,0.4671282968956664,0.30572861267284607,0.48481208168869055,9138,4024,2825,3002
Isolation_Forest,0.37867224089238055,0.4274251325404786,0.5119272352840226,0.4658753709198813,0.30360127640176265,0.4880727647159773,9166,3996,2844,2983
Isolation_Forest,0.37891889136607687,0.4277881979512336,0.5088381671529089,0.46480639598683177,0.30132198753988754,0.49116183284709114,9196,3966,2862,2965
Isolation_Forest,0.3791210753938835,0.42794886693782686,0.5055774841256221,0.46353552041538826,0.2991946512688041,0.4944225158743779,9224,3938,2881,2946
Isolation_Forest,0.37935239986850233,0.42715038033937974,0.5011154968251245,0.46118613282792387,0.2975231727700957,0.4988845031748756,9246,3916,2907,2920
Isolation_Forest,0.3795780600684685,0.4264250994255413,0.49682512442079974,0.45894102726696256,0.2958516942713873,0.5031748755792003,9268,3894,2932,2895
Isolation_Forest,0.37986236415665975,0.4263462394303516,0.493221211601167,0.4573520050922979,0.29380033429569974,0.5067787883988331,9295,3867,2953,2874
Isolation_Forest,0.3801989405678612,0.42694950702121304,0.49047537326239915,0.45651305806245507,0.2914450691384288,0.5095246267376008,9326,3836,2969,2858
Isolation_Forest,0.3804485397364417,0.42747517303641286,0.4875579200274584,0.4555439749859697,0.28908980398115786,0.5124420799725417,9357,3805,2986,2841
Isolation_Forest,0.38076616575993005,0.4268828610395514,0.4834391625193067,0.4534041525832931,0.28734234918705365,0.5165608374806934,9380,3782,3010,2817
Isolation_Forest,0.3810103388907053,0.42619447412608763,0.47914879011498196,0.45112296009048314,0.2855948943929494,0.520851209885018,9403,3759,3035,2792
Isolation_Forest,0.38125575126732236,0.42727552275522757,0.47691779646473315,0.45073392263401185,0.28301170034949097,0.5230822035352669,9437,3725,3048,2779
Isolation_Forest,0.38156469903933804,0.4273543990086741,0.47348549854127336,0.4492387853130343,0.28088436407840756,0.5265145014587266,9465,3697,3068,2759
Isolation_Forest,0.3818461664951849,0.42627555000780154,0.4688518963446027,0.44655116050997057,0.2793648381704908,0.5311481036553973,9485,3677,3095,2732
Isolation_Forest,0.38215194381464,0.42634805848137086,0.46541959842114294,0.4450278962914342,0.2772375018994074,0.534580401578857,9513,3649,3115,2712
Isolation_Forest,0.3825104150635319,0.42556224263541337,0.46112922601681827,0.442632402602751,0.27556602340069897,0.5388707739831817,9535,3627,3140,2687
Isolation_Forest,0.3828538133607204,0.42556247008137865,0.4576969280933585,0.44104514635356373,0.2735146634250114,0.5423030719066415,9562,3600,3160,2667
Isolation_Forest,0.38309093531661015,0.4253095352950635,0.4539214003775528,0.4391499252864021,0.27153927974471964,0.5460785996224472,9588,3574,3182,2645
Isolation_Forest,0.38333097619730844,0.42465975372650683,0.4498026428694011,0.43686973914492877,0.26979182495061543,0.5501973571305989,9611,3551,3206,2621
Isolation_Forest,0.3836276449874146,0.4248856956237753,0.4465419598421143,0.4354447326583549,0.26758851238413617,0.5534580401578857,9640,3522,3225,2602
Isolation_Forest,0.38386770350034133,0.42488069771268716,0.44310966191865453,0.4338037634408602,0.26553715240844855,0.5568903380813455,9667,3495,3245,2582
Isolation_Forest,0.38417221936396734,0.42544368883728645,0.4401922086837137,0.4326923076923077,0.26318188725117764,0.5598077913162862,9698,3464,3262,2565
Isolation_Forest,0.3845038718027955,0.4251086593112671,0.43641668096790803,0.4306884579557964,0.2612824798662817,0.563583319032092,9723,3439,3284,2543
Isolation_Forest,0.38475402678900483,0.42483990562858104,0.4326411532521023,0.4287050420882578,0.25930709618598996,0.5673588467478977,9749,3413,3306,2521
Isolation_Forest,0.3851408904599453,0.42534397825717685,0.4297237000171615,0.4275226225029879,0.2570278073241149,0.5702762999828385,9779,3383,3323,2504
Isolation_Forest,0.3854003430037176,0.4259290974481932,0.4268062467822207,0.4263672209840562,0.25467254216684393,0.5731937532177793,9810,3352,3340,2487
Isolation_Forest,0.3857849885534545,0.42679558011049723,0.4242320233396259,0.4255099406145107,0.25224130071417716,0.5757679766603742,9842,3320,3355,2472
Isolation_Forest,0.3860898020099111,0.4270543175487465,0.4209713403123391,0.4239910120127906,0.2500379881476979,0.5790286596876609,9871,3291,3374,2453
Isolation_Forest,0.386411261229521,0.4272424082850623,0.41771065728505236,0.42242276987157235,0.24791065187661449,0.5822893427149477,9899,3263,3393,2434
Isolation_Forest,0.38673844387800005,0.427155248716587,0.4141067444654196,0.4205298013245033,0.24585929190092692,0.5858932555345804,9926,3236,3414,2413
Isolation_Forest,0.3871200361329233,0.4273473759371653,0.41084606143813285,0.41893428996412635,0.24373195562984348,0.5891539385618672,9954,3208,3433,2394
Isolation_Forest,0.38740880133248234,0.4276197335253871,0.4075853784108461,0.41736227045075125,0.24152864306336422,0.5924146215891539,9983,3179,3452,2375
Isolation_Forest,0.38781232410736954,0.4272743780642818,0.40380985069504033,0.41521086994882656,0.2396292356784683,0.5961901493049596,10008,3154,3474,2353
Isolation_Forest,0.3881954066230563,0.42728937728937727,0.40037755277158055,0.413395942234429,0.23757787570278074,0.5996224472284194,10035,3127,3494,2333
Isolation_Forest,0.3885721906925892,0.4268292682926829,0.39643041015960184,0.4110686004092891,0.23567846831788483,0.6035695898403981,10060,3102,3517,2310
Isolation_Forest,0.3889763122193638,0.42684063373718545,0.3929981122361421,0.40922087205146535,0.23362710834219724,0.6070018877638579,10087,3075,3537,2290
Isolation_Forest,0.38925830058370353,0.42599210080872674,0.3887077398318174,0.4064967695620962,0.231879653548093,0.6112922601681826,10110,3052,3562,2265
Isolation_Forest,0.38963053949058035,0.42599620493358636,0.38527544190835766,0.40461385960169416,0.22982829357240542,0.6147245580916424,10137,3025,3582,2245
Isolation_Forest,0.3899874333239201,0.42550746840291076,0.3813282992963789,0.40220834464657435,0.2279288861875095,0.6186717007036211,10162,3000,3605,2222
Isolation_Forest,0.39036697389998504,0.4251207729468599,0.3775527715805732,0.39992728594800947,0.2260294788026136,0.6224472284194268,10187,2975,3627,2200
Isolation_Forest,0.39073361198572976,0.42461478447435147,0.37360562896859445,0.39748037246667883,0.22413007141771768,0.6263943710314055,10212,2950,3650,2177
Isolation_Forest,0.39124479474725743,0.4251968503937008,0.3706881757336537,0.3960759145502888,0.2218507825558426,0.6293118242663464,10242,2920,3667,2160
Isolation_Forest,0.39159073620459817,0.4260731319554849,0.36794233739488585,0.39487982318813886,0.2194195411031758,0.6320576626051141,10274,2888,3683,2144
Isolation_Forest,0.3920445826298048,0.42688064192577735,0.36519649905611806,0.39363669996300404,0.21706427594590488,0.6348035009438819,10305,2857,3699,2128
Isolation_Forest,0.39264034213013443,0.4259671865505368,0.3609061266517934,0.3907469342251951,0.21531682115180065,0.6390938733482067,10328,2834,3724,2103
Isolation_Forest,0.3929910587976806,0.42535787321063395,0.35695898403981463,0.38816833068955864,0.21349339006230056,0.6430410159601854,10352,2810,3747,2080
Isolation_Forest,0.3934151109157502,0.42585708384964893,0.35386991590870087,0.38654044427781425,0.21121410120042547,0.6461300840912991,10382,2780,3765,2062
Isolation_Forest,0.39388152550626776,0.42523461939520335,0.34992277329672217,0.38392016569384296,0.20939067011092538,0.6500772267032778,10406,2756,3788,2039
Isolation_Forest,0.3943826408069035,0.42544229149115415,0.3466620902694354,0.38203309692671394,0.20726333383984197,0.6533379097305646,10434,2728,3807,2020
Isolation_Forest,0.39485714153301876,0.425531914893617,0.3432297923459756,0.37997530160539567,0.20513599756875855,0.6567702076540244,10462,2700,3827,2000
Isolation_Forest,0.3953429667764098,0.42445733935095636,0.33893941994165094,0.37690839694656486,0.20346451907005014,0.6610605800583491,10484,2678,3852,1975
Isolation_Forest,0.3959245842974541,0.4247557003257329,0.3356787369143642,0.375,0.20126120650357088,0.6643212630856359,10513,2649,3871,1956
Isolation_Forest,0.39644118497323083,0.42474769635805176,0.3322464389909044,0.3728454501685123,0.1992098465278833,0.6677535610090956,10540,2622,3891,1936
Isolation_Forest,0.39696801979968627,0.4261640798226164,0.32984383044448257,0.3718680468220954,0.19662665248442485,0.6701561695555174,10574,2588,3905,1922
Isolation_Forest,0.3976247386169991,0.42751512435581446,0.32744122189806074,0.37084548104956266,0.19411943473636226,0.6725587781019392,10607,2555,3919,1908
Isolation_Forest,0.3980989138857536,0.4271800679501699,0.323665694182255,0.3682874438586214,0.19214405105607052,0.676334305817745,10633,2529,3941,1886
Isolation_Forest,0.3987587716253937,0.42765567765567764,0.32057662605114123,0.3664541441883276,0.18994073848959125,0.6794233739488588,10662,2500,3959,1868
Isolation_Forest,0.39942923881818754,0.42685185185185187,0.3164578685429895,0.3634571794619099,0.18811730740009117,0.6835421314570105,10686,2476,3983,1844
Isolation_Forest,0.40001740276573505,0.4271003978469459,0.31319718551570275,0.3613861386138614,0.18598997112900775,0.6868028144842973,10714,2448,4002,1825
Isolation_Forest,0.40046377888841495,0.42650887573964497,0.30925004290372404,0.35853561480302426,0.18409056374411184,0.690749957096276,10739,2423,4025,1802
Isolation_Forest,0.40106517042806666,0.42556247008137865,0.3051312853955723,0.3554222888555722,0.1823431089500076,0.6948687146044277,10762,2400,4049,1778
Isolation_Forest,0.4016222004392534,0.426634382566586,0.30238544705680453,0.35392186401526565,0.17991186749734084,0.6976145529431955,10794,2368,4065,1762
Isolation_Forest,0.4023013091769109,0.42689199118295373,0.29912476402951776,0.351765893037336,0.1777845312262574,0.7008752359704823,10822,2340,4084,1743
Isolation_Forest,0.40286627747074677,0.4267657992565056,0.295520851209885,0.3492192253092679,0.1757331712505698,0.704479148790115,10849,2313,4105,1722
Isolation_Forest,0.4033779479261455,0.42753259779338015,0.2926033979749442,0.34742740703005603,0.17345388238869472,0.7073966020250557,10879,2283,4122,1705
Isolation_Forest,0.4039655245317307,0.42781020045673684,0.28934271494765745,0.3452088452088452,0.1713265461176113,0.7106572850523425,10907,2255,4141,1686
Isolation_Forest,0.4046257314862233,0.4282044695607501,0.2860820319203707,0.34300411522633745,0.16912323355113204,0.7139179680796293,10936,2226,4160,1667
Isolation_Forest,0.4052019967591924,0.42719708788351535,0.28196327441221897,0.3397084668665357,0.1673757787570278,0.718036725587781,10959,2203,4184,1643
Isolation_Forest,0.40565840799815134,0.42680358083201686,0.2781877466964133,0.3368311688311688,0.16540039507673607,0.7218122533035868,10985,2177,4206,1621
Isolation_Forest,0.4063459740038095,0.42468675019994667,0.27338252960356957,0.33263729379828777,0.16395684546421516,0.7266174703964304,11004,2158,4234,1593
Isolation_Forest,0.40710592661487904,0.42344045368620037,0.2690921571992449,0.3290661070304302,0.16220939067011092,0.7309078428007552,11027,2135,4259,1568
Isolation_Forest,0.4076940733201775,0.42204595185995625,0.2648017847949202,0.32542444374143203,0.16053791217140254,0.7351982152050798,11049,2113,4284,1543
Isolation_Forest,0.4083615302136809,0.4210088691796009,0.2606830272867685,0.3219925808161102,0.15871448108190245,0.7393169727132315,11073,2089,4308,1519
Isolation_Forest,0.408918943420518,0.4201067115978658,0.25673588467478975,0.31870472944184064,0.15689104999240236,0.7432641153252102,11097,2065,4331,1496
Isolation_Forest,0.4095784854157636,0.4184457728437233,0.25227389737429207,0.3147751605995717,0.15521957149369398,0.7477261026257079,11119,2043,4357,1470
Isolation_Forest,0.41056444646586476,0.41806116560877093,0.24866998455465936,0.31184762724631443,0.1532441878134022,0.7513300154453406,11145,2017,4378,1449
Isolation_Forest,0.4113153767423935,0.41720304271503805,0.24472284194268062,0.30849107625743644,0.1513447804285063,0.7552771580573193,11170,1992,4401,1426
Isolation_Forest,0.41200660022606195,0.4159003263126669,0.2406040844345289,0.30484888019134593,0.14959732563440206,0.759395915565471,11193,1969,4425,1402
Isolation_Forest,0.4127951228603907,0.4143845922359314,0.2363137120302042,0.30098360655737705,0.14784987084029783,0.7636862879697958,11216,1946,4450,1377
Isolation_Forest,0.41353657554099094,0.4139194139194139,0.23270979921057147,0.29792376139734156,0.1458744871600061,0.7672902007894286,11242,1920,4471,1356
Isolation_Forest,0.4144307432472479,0.4114002478314746,0.22790458211772782,0.29331860850358915,0.14435496125208935,0.7720954178822722,11262,1900,4499,1328
Isolation_Forest,0.41550597540233686,0.41024834957560513,0.2239574395057491,0.2897424511545293,0.14253153016258926,0.7760425604942509,11286,1876,4522,1305
Isolation_Forest,0.4162185652958454,0.40906190172303764,0.22001029689377039,0.28612878027005917,0.1407080990730892,0.7799897031062296,11310,1852,4545,1282
Isolation_Forest,0.41703058718348784,0.406351263771873,0.2152050798009267,0.281386738471895,0.13918857316517247,0.7847949201990733,11330,1832,4573,1254
Isolation_Forest,0.41800172912468503,0.403751233958539,0.21057147760425604,0.27678772840063165,0.13766904725725573,0.7894285223957439,11350,1812,4600,1227
Isolation_Forest,0.41872656813796266,0.40320962888665995,0.2069675647846233,0.2735314130188251,0.13561768728156814,0.7930324352153767,11377,1785,4621,1206
Isolation_Forest,0.4198725845476122,0.4001358695652174,0.20216234769177965,0.26861247292212975,0.13417413766904726,0.7978376523082203,11396,1766,4649,1178
Isolation_Forest,0.42096270957793347,0.39848066298342544,0.19804359018362794,0.2645878711452482,0.13235070657954717,0.8019564098163721,11420,1742,4673,1154
Isolation_Forest,0.42214843313405326,0.39276939276939277,0.19203706881757338,0.2579529737206086,0.13143899103479714,0.8079629311824267,11432,1730,4708,1119
Isolation_Forest,0.42353531975944625,0.38843270260621204,0.18671700703621075,0.2522021325915624,0.13014739401306794,0.8132829929637893,11449,1713,4739,1088
Isolation_Forest,0.4250771015242485,0.38707334785766156,0.182941479320405,0.24845589092180398,0.12824798662817202,0.817058520679595,11474,1688,4761,1066
Isolation_Forest,0.4269377986554476,0.38470066518847007,0.17865110691608033,0.2439939060119536,0.12650053183406776,0.8213488930839197,11497,1665,4786,1041
Isolation_Forest,0.4288056717083232,0.38059420834900337,0.17367427492706367,0.23851048786236154,0.12513295851694273,0.8263257250729363,11515,1647,4815,1012
Isolation_Forest,0.43032454013165655,0.37610111068556107,0.16852582804187405,0.23275657738800665,0.12376538519981765,0.831474171958126,11533,1629,4845,982
Isolation_Forest,0.43194099245295214,0.37324492979719187,0.16423545563754935,0.22810153736145872,0.12209390670110926,0.8357645443624506,11555,1607,4870,957
Isolation_Forest,0.433883006050712,0.37042925278219396,0.15994508323322465,0.2234208318350713,0.12034645190700502,0.8400549167667754,11578,1584,4895,932
Isolation_Forest,0.4357701471077663,0.36816524908869985,0.15599794062124592,0.2191417550626808,0.11852302081750493,0.844002059378754,11602,1560,4918,909
Isolation_Forest,0.4374580403271068,0.3659644774886411,0.1520507980092672,0.2148399612027158,0.11662361343260903,0.8479492019907328,11627,1535,4941,886
Isolation_Forest,0.4395706559497202,0.36394271272114576,0.14827527029346146,0.21070601146201684,0.11472420604771312,0.8517247297065386,11652,1510,4963,864
Isolation_Forest,0.44133663435929227,0.3614095401804899,0.14432812768148276,0.20627912680892813,0.11290077495821303,0.8556718723185173,11676,1486,4986,841
Isolation_Forest,0.44268252567952693,0.3589293549802545,0.14038098506950403,0.20182580804342462,0.11100136757331712,0.859619014930496,11701,1461,5009,818
Isolation_Forest,0.444875635503801,0.3579749103942652,0.13712030204221726,0.19828762873805683,0.1088740313022337,0.8628796979577827,11729,1433,5028,799
Isolation_Forest,0.4468392404791815,0.3543956043956044,0.13282992963789256,0.1932343028336038,0.10712657650812947,0.8671700703621075,11752,1410,5053,774
Isolation_Forest,0.44884045645021153,0.3528310715956949,0.1293976317144328,0.18935208437970869,0.10507521653244188,0.8706023682855671,11779,1383,5073,754
Isolation_Forest,0.45054356332717166,0.3513642891335567,0.12596533379097305,0.18544719555330974,0.10294788026135845,0.8740346662090269,11807,1355,5093,734
Isolation_Forest,0.4528757897035671,0.3501469147894221,0.1227046507636863,0.18172575930867962,0.10082054399027504,0.8772953492363137,11835,1327,5112,715
Isolation_Forest,0.4549738519574319,0.3485456369107322,0.11927235284022653,0.17772663342283596,0.09869320771919161,0.8807276471597735,11863,1299,5132,695
Isolation_Forest,0.4570383095020262,0.35079609655880845,0.11721297408615068,0.17571391818883458,0.09603403738033733,0.8827870259138493,11898,1264,5144,683
Isolation_Forest,0.4588127143447234,0.353870458135861,0.11532521022824781,0.17395806368107689,0.09322291445069139,0.8846747897717522,11935,1227,5155,672
Isolation_Forest,0.46127432403359353,0.3536717062634989,0.11240775699330702,0.1705951295741633,0.09094362558881629,0.8875922430066929,11965,1197,5172,655
Isolation_Forest,0.46353962876614363,0.3553215077605322,0.11000514844688519,0.1679989516446075,0.08836043154535785,0.8899948515531149,11999,1163,5186,641
Isolation_Forest,0.46622937880161425,0.35685828116107,0.10760253990046335,0.16534810126582278,0.08585321379729524,0.8923974600995367,12032,1130,5200,627
Isolation_Forest,0.4686223090241351,0.35868929198361615,0.10519993135404153,0.16268577494692144,0.0832700197538368,0.8948000686459585,12066,1096,5214,613
Isolation_Forest,0.4705669734240418,0.3592057761732852,0.10245409301527372,0.15943383629323007,0.08091475459656587,0.8975459069847262,12097,1065,5230,597
Isolation_Forest,0.47253368913804605,0.3587360594795539,0.09936502488415995,0.15562424405321865,0.07863546573469078,0.90063497511584,12127,1035,5248,579
Isolation_Forest,0.47459525715530665,0.3573707721761327,0.09610434185687318,0.1514741682445226,0.07650812946360736,0.9038956581431268,12155,1007,5267,560
Isolation_Forest,0.47647374112045016,0.3592105263157895,0.09370173331045134,0.1486320947325439,0.07400091171554475,0.9062982666895486,12188,974,5281,546
Isolation_Forest,0.47880585538534587,0.35529891304347827,0.08975459069847262,0.14330730237018768,0.07210150433064884,0.9102454093015274,12213,949,5304,523
Isolation_Forest,0.48126752933950473,0.3529824561403509,0.08632229277501287,0.1387203530060673,0.07005014435496125,0.9136777072249871,12240,922,5324,503
Isolation_Forest,0.4834032877892693,0.35003631082062453,0.08271837995538013,0.13381454747362576,0.06799878437927366,0.9172816200446199,12267,895,5345,482
Isolation_Forest,0.48568708421772283,0.3481203007518797,0.07945769692809336,0.12938382003632806,0.06587144810819025,0.9205423030719067,12295,867,5364,463
Isolation_Forest,0.48787817265893046,0.3471138845553822,0.07636862879697957,0.1251934167956112,0.06359215924631514,0.9236313712030204,12325,837,5382,445
Isolation_Forest,0.49110895851207065,0.3441295546558704,0.07293633087351982,0.12036250354007363,0.06154079927062756,0.9270636691264802,12352,810,5402,425
Isolation_Forest,0.49423891439371426,0.34372367312552654,0.07001887763857903,0.11633875106929,0.059185534113356635,0.9299811223614209,12383,779,5419,408
Isolation_Forest,0.49703843397323655,0.3412280701754386,0.06675819461129226,0.11166929811970719,0.05705819784227321,0.9332418053887077,12411,751,5438,389
Isolation_Forest,0.5012345149532644,0.3424908424908425,0.06418397116869744,0.10810810810810811,0.054550980094210604,0.9358160288313025,12444,718,5453,374
Isolation_Forest,0.5060293122171249,0.3416267942583732,0.06126651793375665,0.10389988358556461,0.052271691232335514,0.9387334820662433,12474,688,5470,357
Isolation_Forest,0.5126410140182592,0.3329989969909729,0.056976145529431955,0.09730363423212192,0.05052423643823127,0.943023854470568,12497,665,5495,332
Isolation_Forest,0.5188211494484016,0.32842105263157895,0.0535438476059722,0.09207613988490483,0.04847287646254369,0.9464561523940278,12524,638,5515,312
Isolation_Forest,0.5242794918500097,0.3270509977827051,0.050626394371031405,0.08768019022142963,0.046117611305272754,0.9493736056289686,12555,607,5532,295
Isolation_Forest,0.5295718686862244,0.3345029239766082,0.04908186030547451,0.08560311284046693,0.043230512080230966,0.9509181396945254,12593,569,5541,286
Isolation_Forest,0.5335694051151086,0.3395291201982652,0.04702248155139866,0.0826047633403678,0.040495365445980855,0.9529775184486013,12629,533,5553,274
Isolation_Forest,0.5386738405746204,0.3447368421052632,0.04496310279732281,0.07955063002884469,0.037836195107126575,0.9550368972026771,12664,498,5565,262
Isolation_Forest,0.5438599780684026,0.34081346423562414,0.04170241977003604,0.07431192660550459,0.035708858836043154,0.9582975802299639,12692,470,5584,243
Isolation_Forest,0.5483346067892011,0.34135338345864663,0.038956581431268233,0.06993222427603205,0.03327761738337639,0.9610434185687318,12724,438,5600,227
Isolation_Forest,0.55315952933385,0.34951456310679613,0.037068817573365366,0.06702870442203258,0.030542470749126274,0.9629311824266347,12760,402,5611,216
Isolation_Forest,0.5576797987464066,0.3508771929824561,0.03432297923459756,0.06252931061435048,0.028111229296459504,0.9656770207654024,12792,370,5627,200
Isolation_Forest,0.5618626452232269,0.35564053537284895,0.031920370688175735,0.058582677165354334,0.0256040115483969,0.9680796293118242,12825,337,5641,186
Isolation_Forest,0.5665773383274396,0.3642105263157895,0.029689377037926894,0.054903205331640746,0.022944841209542623,0.9703106229620732,12860,302,5654,173
Isolation_Forest,0.5720569401331581,0.37616822429906543,0.02762999828385104,0.051478816946442844,0.020285670870688347,0.972370001716149,12895,267,5666,161
Isolation_Forest,0.5756140579298938,0.39210526315789473,0.025570619529775185,0.04801031093926212,0.01755052423643823,0.9744293804702249,12931,231,5678,149
Isolation_Forest,0.5809740268373892,0.39039039039039036,0.022309936502488414,0.04220779220779221,0.01542318796535481,0.9776900634975115,12959,203,5697,130
Isolation_Forest,0.5867860963738357,0.3929824561403509,0.019220868371374634,0.03664921465968586,0.013143899103479715,0.9807791316286254,12989,173,5715,112
Isolation_Forest,0.5931448461794331,0.3739495798319328,0.015273725759395916,0.029348722176422093,0.011320468013979639,0.9847262742406041,13013,149,5738,89
Isolation_Forest,0.6020755550835943,0.35789473684210527,0.011669812939763172,0.022602625893302312,0.009269108038292053,0.9883301870602368,13040,122,5759,68
