threshold,average_precision,precision,recall,f1,fpr,fnr,tn,fp,fn,tp
0.37003832782884527,0.8177216286654541,0.30994152046783624,1.0,0.4732142857142857,0.9833333333333333,0.0,2,118,0,53
0.3701410319912948,0.8177216286654541,0.31176470588235294,1.0,0.47533632286995514,0.975,0.0,3,117,0,53
0.370387569521929,0.8177216286654541,0.31176470588235294,1.0,0.47533632286995514,0.975,0.0,3,117,0,53
0.3706319118863729,0.8177216286654541,0.3136094674556213,1.0,0.4774774774774775,0.9666666666666667,0.0,4,116,0,53
0.3707840572708187,0.8177216286654541,0.3136094674556213,1.0,0.4774774774774775,0.9666666666666667,0.0,4,116,0,53
0.3709362026552645,0.8177216286654541,0.3136094674556213,1.0,0.4774774774774775,0.9666666666666667,0.0,4,116,0,53
0.3710246514784754,0.8177216286654541,0.31547619047619047,1.0,0.4796380090497738,0.9583333333333334,0.0,5,115,0,53
0.3710854984584845,0.8177216286654541,0.31547619047619047,1.0,0.4796380090497738,0.9583333333333334,0.0,5,115,0,53
0.37119990038778927,0.8177216286654541,0.31736526946107785,1.0,0.4818181818181818,0.95,0.0,6,114,0,53
0.37140467629403057,0.8177216286654541,0.31736526946107785,1.0,0.4818181818181818,0.95,0.0,6,114,0,53
0.3716195189427804,0.8177216286654541,0.3192771084337349,1.0,0.4840182648401826,0.9416666666666667,0.0,7,113,0,53
0.37204072981295466,0.8177216286654541,0.3192771084337349,1.0,0.4840182648401826,0.9416666666666667,0.0,7,113,0,53
0.3724619406831289,0.8177216286654541,0.3192771084337349,1.0,0.4840182648401826,0.9416666666666667,0.0,7,113,0,53
0.3726040265252778,0.8177216286654541,0.3212121212121212,1.0,0.48623853211009177,0.9333333333333333,0.0,8,112,0,53
0.3726380639694814,0.8177216286654541,0.3212121212121212,1.0,0.48623853211009177,0.9333333333333333,0.0,8,112,0,53
0.37266516471353883,0.8177216286654541,0.3231707317073171,1.0,0.48847926267281105,0.925,0.0,9,111,0,53
0.3726816563867846,0.8177216286654541,0.3231707317073171,1.0,0.48847926267281105,0.925,0.0,9,111,0,53
0.37270745522854754,0.8177216286654541,0.32515337423312884,1.0,0.49074074074074076,0.9166666666666666,0.0,10,110,0,53
0.37285734965054,0.8177216286654541,0.32515337423312884,1.0,0.49074074074074076,0.9166666666666666,0.0,10,110,0,53
0.37300724407253255,0.8177216286654541,0.32515337423312884,1.0,0.49074074074074076,0.9166666666666666,0.0,10,110,0,53
0.3730830812592387,0.8177216286654541,0.3271604938271605,1.0,0.4930232558139535,0.9083333333333333,0.0,11,109,0,53
0.37313346127131525,0.8177216286654541,0.3271604938271605,1.0,0.4930232558139535,0.9083333333333333,0.0,11,109,0,53
0.3731777496911951,0.8177216286654541,0.32919254658385094,1.0,0.4953271028037383,0.9,0.0,12,108,0,53
0.3732135775663573,0.8177216286654541,0.32919254658385094,1.0,0.4953271028037383,0.9,0.0,12,108,0,53
0.3732555490724504,0.8177216286654541,0.33125,1.0,0.49765258215962443,0.8916666666666667,0.0,13,107,0,53
0.3733574209801196,0.8177216286654541,0.33125,1.0,0.49765258215962443,0.8916666666666667,0.0,13,107,0,53
0.3734592928877888,0.8177216286654541,0.33125,1.0,0.49765258215962443,0.8916666666666667,0.0,13,107,0,53
0.37351876371618004,0.8177216286654541,0.3333333333333333,1.0,0.5,0.8833333333333333,0.0,14,106,0,53
0.37356538573266895,0.8177216286654541,0.3333333333333333,1.0,0.5,0.8833333333333333,0.0,14,106,0,53
0.3736732455189815,0.8177216286654541,0.33544303797468356,1.0,0.5023696682464455,0.875,0.0,15,105,0,53
0.373858458277703,0.8177216286654541,0.33544303797468356,1.0,0.5023696682464455,0.875,0.0,15,105,0,53
0.3740227504522113,0.8177216286654541,0.3375796178343949,1.0,0.5047619047619047,0.8666666666666667,0.0,16,104,0,53
0.37402804618670027,0.8177216286654541,0.3375796178343949,1.0,0.5047619047619047,0.8666666666666667,0.0,16,104,0,53
0.3740333419211892,0.8177216286654541,0.3375796178343949,1.0,0.5047619047619047,0.8666666666666667,0.0,16,104,0,53
0.37406378126826195,0.8177216286654541,0.33974358974358976,1.0,0.507177033492823,0.8583333333333333,0.0,17,103,0,53
0.37410087627748917,0.8177216286654541,0.33974358974358976,1.0,0.507177033492823,0.8583333333333333,0.0,17,103,0,53
0.37421496392227216,0.8177216286654541,0.3419354838709677,1.0,0.5096153846153846,0.85,0.0,18,102,0,53
0.37441759309794426,0.8177216286654541,0.3419354838709677,1.0,0.5096153846153846,0.85,0.0,18,102,0,53
0.37459314260051874,0.8177216286654541,0.34415584415584416,1.0,0.5120772946859904,0.8416666666666667,0.0,19,101,0,53
0.37460170078565774,0.8177216286654541,0.34415584415584416,1.0,0.5120772946859904,0.8416666666666667,0.0,19,101,0,53
0.37461025897079675,0.8177216286654541,0.34415584415584416,1.0,0.5120772946859904,0.8416666666666667,0.0,19,101,0,53
0.37462812168820164,0.8177216286654541,0.3464052287581699,1.0,0.5145631067961165,0.8333333333333334,0.0,20,100,0,53
0.37464811115583874,0.8177216286654541,0.3464052287581699,1.0,0.5145631067961165,0.8333333333333334,0.0,20,100,0,53
0.37467765642940304,0.8177216286654541,0.34868421052631576,1.0,0.5170731707317073,0.825,0.0,21,99,0,53
0.3747172125472719,0.8177216286654541,0.34868421052631576,1.0,0.5170731707317073,0.825,0.0,21,99,0,53
0.3747586976906213,0.8177216286654541,0.3509933774834437,1.0,0.5196078431372549,0.8166666666666667,0.0,22,98,0,53
0.3748101035364419,0.8177216286654541,0.3509933774834437,1.0,0.5196078431372549,0.8166666666666667,0.0,22,98,0,53
0.3748615093822625,0.8177216286654541,0.3509933774834437,1.0,0.5196078431372549,0.8166666666666667,0.0,22,98,0,53
0.3748974626233349,0.8177216286654541,0.35333333333333333,1.0,0.5221674876847291,0.8083333333333333,0.0,23,97,0,53
0.3749304111912618,0.8177216286654541,0.35333333333333333,1.0,0.5221674876847291,0.8083333333333333,0.0,23,97,0,53
0.3749933964373885,0.8177216286654541,0.35570469798657717,1.0,0.5247524752475248,0.8,0.0,24,96,0,53
0.37508505305816037,0.8177216286654541,0.35570469798657717,1.0,0.5247524752475248,0.8,0.0,24,96,0,53
0.37516805909712003,0.8177216286654541,0.3581081081081081,1.0,0.527363184079602,0.7916666666666666,0.0,25,95,0,53
0.37521321884065145,0.8177216286654541,0.3581081081081081,1.0,0.527363184079602,0.7916666666666666,0.0,25,95,0,53
0.3752583785841829,0.8177216286654541,0.3581081081081081,1.0,0.527363184079602,0.7916666666666666,0.0,25,95,0,53
0.37530687519769007,0.8177216286654541,0.36054421768707484,1.0,0.53,0.7833333333333333,0.0,26,94,0,53
0.3753559129252474,0.8177216286654541,0.36054421768707484,1.0,0.53,0.7833333333333333,0.0,26,94,0,53
0.37538328045011754,0.8177216286654541,0.363013698630137,1.0,0.5326633165829145,0.775,0.0,27,93,0,53
0.37539180432047714,0.8177216286654541,0.363013698630137,1.0,0.5326633165829145,0.775,0.0,27,93,0,53
0.37540453387025613,0.8177216286654541,0.36551724137931035,1.0,0.5353535353535354,0.7666666666666667,0.0,28,92,0,53
0.3754331515422861,0.8177216286654541,0.36551724137931035,1.0,0.5353535353535354,0.7666666666666667,0.0,28,92,0,53
0.3754617692143161,0.8177216286654541,0.36551724137931035,1.0,0.5353535353535354,0.7666666666666667,0.0,28,92,0,53
0.3755261490040584,0.8177216286654541,0.3680555555555556,1.0,0.5380710659898477,0.7583333333333333,0.0,29,91,0,53
0.37559523433560493,0.8177216286654541,0.3680555555555556,1.0,0.5380710659898477,0.7583333333333333,0.0,29,91,0,53
0.3756301308638444,0.8177216286654541,0.3706293706293706,1.0,0.5408163265306123,0.75,0.0,30,90,0,53
0.3756379612561324,0.8177216286654541,0.3706293706293706,1.0,0.5408163265306123,0.75,0.0,30,90,0,53
0.3756617487447945,0.8177216286654541,0.3732394366197183,1.0,0.5435897435897435,0.7416666666666667,0.0,31,89,0,53
0.3757381946514912,0.8177216286654541,0.3732394366197183,1.0,0.5435897435897435,0.7416666666666667,0.0,31,89,0,53
0.3758146405581879,0.8177216286654541,0.3732394366197183,1.0,0.5435897435897435,0.7416666666666667,0.0,31,89,0,53
0.3758252700889128,0.8177216286654541,0.375886524822695,1.0,0.5463917525773195,0.7333333333333333,0.0,32,88,0,53
0.3758291492221021,0.8177216286654541,0.375886524822695,1.0,0.5463917525773195,0.7333333333333333,0.0,32,88,0,53
0.3758324907999118,0.8177216286654541,0.37857142857142856,1.0,0.5492227979274611,0.725,0.0,33,87,0,53
0.37583544533784824,0.8177216286654541,0.37857142857142856,1.0,0.5492227979274611,0.725,0.0,33,87,0,53
0.3758589346395164,0.8177216286654541,0.381294964028777,1.0,0.5520833333333334,0.7166666666666667,0.0,34,86,0,53
0.37594216143567705,0.8177216286654541,0.381294964028777,1.0,0.5520833333333334,0.7166666666666667,0.0,34,86,0,53
0.37602538823183773,0.8177216286654541,0.381294964028777,1.0,0.5520833333333334,0.7166666666666667,0.0,34,86,0,53
0.37606054364860225,0.8177216286654541,0.38405797101449274,1.0,0.5549738219895288,0.7083333333333334,0.0,35,85,0,53
0.37609209371191216,0.8177216286654541,0.38405797101449274,1.0,0.5549738219895288,0.7083333333333334,0.0,35,85,0,53
0.37612930592116506,0.8177216286654541,0.38686131386861317,1.0,0.5578947368421052,0.7,0.0,36,84,0,53
0.3761702203027653,0.8177216286654541,0.38686131386861317,1.0,0.5578947368421052,0.7,0.0,36,84,0,53
0.3762491286264647,0.8177216286654541,0.3897058823529412,1.0,0.5608465608465608,0.6916666666666667,0.0,37,83,0,53
0.3764261879672535,0.8177216286654541,0.3897058823529412,1.0,0.5608465608465608,0.6916666666666667,0.0,37,83,0,53
0.3766032473080423,0.8177216286654541,0.3897058823529412,1.0,0.5608465608465608,0.6916666666666667,0.0,37,83,0,53
0.3766636418369682,0.8177216286654541,0.3925925925925926,1.0,0.5638297872340425,0.6833333333333333,0.0,38,82,0,53
0.3767183453994618,0.8177216286654541,0.3925925925925926,1.0,0.5638297872340425,0.6833333333333333,0.0,38,82,0,53
0.3767448093848968,0.8177216286654541,0.39552238805970147,1.0,0.5668449197860963,0.675,0.0,39,81,0,53
0.37675453880614895,0.8177216286654541,0.39552238805970147,1.0,0.5668449197860963,0.675,0.0,39,81,0,53
0.3767683676564316,0.8177216286654541,0.39849624060150374,1.0,0.5698924731182796,0.6666666666666666,0.0,40,80,0,53
0.376791656727554,0.8177216286654541,0.39849624060150374,1.0,0.5698924731182796,0.6666666666666666,0.0,40,80,0,53
0.3768149457986763,0.8177216286654541,0.39849624060150374,1.0,0.5698924731182796,0.6666666666666666,0.0,40,80,0,53
0.3769905779896848,0.8177216286654541,0.4015151515151515,1.0,0.572972972972973,0.6583333333333333,0.0,41,79,0,53
0.37716983739783344,0.8177216286654541,0.4015151515151515,1.0,0.572972972972973,0.6583333333333333,0.0,41,79,0,53
0.37723744941632975,0.8177216286654541,0.40458015267175573,1.0,0.5760869565217391,0.65,0.0,42,78,0,53
0.3772452503332266,0.8177216286654541,0.40458015267175573,1.0,0.5760869565217391,0.65,0.0,42,78,0,53
0.3772854003298925,0.8177216286654541,0.4076923076923077,1.0,0.5792349726775956,0.6416666666666667,0.0,43,77,0,53
0.37739255913465153,0.8177216286654541,0.4076923076923077,1.0,0.5792349726775956,0.6416666666666667,0.0,43,77,0,53
0.3774997179394105,0.8177216286654541,0.4076923076923077,1.0,0.5792349726775956,0.6416666666666667,0.0,43,77,0,53
0.37758164144154693,0.8177216286654541,0.4108527131782946,1.0,0.5824175824175825,0.6333333333333333,0.0,44,76,0,53
0.37766356494368336,0.8177216286654541,0.4108527131782946,1.0,0.5824175824175825,0.6333333333333333,0.0,44,76,0,53
0.37769026474672296,0.8177216286654541,0.4140625,1.0,0.585635359116022,0.625,0.0,45,75,0,53
0.3776903048329572,0.8177216286654541,0.4140625,1.0,0.585635359116022,0.625,0.0,45,75,0,53
0.3776943686367104,0.8177216286654541,0.41732283464566927,1.0,0.5888888888888889,0.6166666666666667,0.0,46,74,0,53
0.37770594337983243,0.8177216286654541,0.41732283464566927,1.0,0.5888888888888889,0.6166666666666667,0.0,46,74,0,53
0.3777175129539784,0.8177216286654541,0.42063492063492064,1.0,0.5921787709497207,0.6083333333333333,0.0,47,73,0,53
0.377728865431128,0.8177216286654541,0.42063492063492064,1.0,0.5921787709497207,0.6083333333333333,0.0,47,73,0,53
0.37774021790827755,0.8177216286654541,0.42063492063492064,1.0,0.5921787709497207,0.6083333333333333,0.0,47,73,0,53
0.37791281111832575,0.8177216286654541,0.424,1.0,0.5955056179775281,0.6,0.0,48,72,0,53
0.37815527531263,0.8177216286654541,0.424,1.0,0.5955056179775281,0.6,0.0,48,72,0,53
0.3783079817645169,0.8177216286654541,0.4274193548387097,1.0,0.5988700564971752,0.5916666666666667,0.0,49,71,0,53
0.37830922202607453,0.8177216286654541,0.4274193548387097,1.0,0.5988700564971752,0.5916666666666667,0.0,49,71,0,53
0.37831168419563127,0.8177216286654541,0.43089430894308944,1.0,0.6022727272727273,0.5833333333333334,0.0,50,70,0,53
0.3783391954791695,0.8177216286654541,0.43089430894308944,1.0,0.6022727272727273,0.5833333333333334,0.0,50,70,0,53
0.3783667067627078,0.8177216286654541,0.43089430894308944,1.0,0.6022727272727273,0.5833333333333334,0.0,50,70,0,53
0.37837823190400316,0.8177216286654541,0.4344262295081967,1.0,0.6057142857142858,0.575,0.0,51,69,0,53
0.3783835688612045,0.8177216286654541,0.4344262295081967,1.0,0.6057142857142858,0.575,0.0,51,69,0,53
0.3783955687042901,0.8177216286654541,0.4380165289256198,1.0,0.6091954022988506,0.5666666666666667,0.0,52,68,0,53
0.37841775884343376,0.8177216286654541,0.4380165289256198,1.0,0.6091954022988506,0.5666666666666667,0.0,52,68,0,53
0.37843865554932965,0.8177216286654541,0.44166666666666665,1.0,0.6127167630057804,0.5583333333333333,0.0,53,67,0,53
0.3784423064785876,0.8177216286654541,0.44166666666666665,1.0,0.6127167630057804,0.5583333333333333,0.0,53,67,0,53
0.37844595740784565,0.8177216286654541,0.44166666666666665,1.0,0.6127167630057804,0.5583333333333333,0.0,53,67,0,53
0.3784647420323069,0.8177216286654541,0.44537815126050423,1.0,0.6162790697674418,0.55,0.0,54,66,0,53
0.3784887288644943,0.8177216286654541,0.44537815126050423,1.0,0.6162790697674418,0.55,0.0,54,66,0,53
0.37850897422775637,0.8177216286654541,0.4491525423728814,1.0,0.6198830409356725,0.5416666666666666,0.0,55,65,0,53
0.3785240231063998,0.8177216286654541,0.4491525423728814,1.0,0.6198830409356725,0.5416666666666666,0.0,55,65,0,53
0.3785454851021655,0.8177216286654541,0.452991452991453,1.0,0.6235294117647059,0.5333333333333333,0.0,56,64,0,53
0.3786294749898727,0.8177216286654541,0.452991452991453,1.0,0.6235294117647059,0.5333333333333333,0.0,56,64,0,53
0.3787134648775799,0.8177216286654541,0.452991452991453,1.0,0.6235294117647059,0.5333333333333333,0.0,56,64,0,53
0.3787341575557146,0.8177216286654541,0.45689655172413796,1.0,0.6272189349112426,0.525,0.0,57,63,0,53
0.3787356692612516,0.8177216286654541,0.45689655172413796,1.0,0.6272189349112426,0.525,0.0,57,63,0,53
0.37874017236332924,0.8177216286654541,0.4608695652173913,1.0,0.6309523809523809,0.5166666666666667,0.0,58,62,0,53
0.37874845407156355,0.8177216286654541,0.4608695652173913,1.0,0.6309523809523809,0.5166666666666667,0.0,58,62,0,53
0.3787577036941178,0.8177216286654541,0.4649122807017544,1.0,0.6347305389221557,0.5083333333333333,0.0,59,61,0,53
0.3787743094655036,0.8177216286654541,0.4649122807017544,1.0,0.6347305389221557,0.5083333333333333,0.0,59,61,0,53
0.3787909152368894,0.8177216286654541,0.4649122807017544,1.0,0.6347305389221557,0.5083333333333333,0.0,59,61,0,53
0.3789174772400703,0.8177216286654541,0.4690265486725664,1.0,0.6385542168674698,0.5,0.0,60,60,0,53
0.3790731453046087,0.8177216286654541,0.4690265486725664,1.0,0.6385542168674698,0.5,0.0,60,60,0,53
0.379199844680959,0.8177216286654541,0.4732142857142857,1.0,0.6424242424242425,0.49166666666666664,0.0,61,59,0,53
0.37929323006589305,0.8177216286654541,0.4732142857142857,1.0,0.6424242424242425,0.49166666666666664,0.0,61,59,0,53
0.3793867991340052,0.8177216286654541,0.4774774774774775,1.0,0.6463414634146342,0.48333333333333334,0.0,62,58,0,53
0.37948150091504906,0.8177216286654541,0.4774774774774775,1.0,0.6463414634146342,0.48333333333333334,0.0,62,58,0,53
0.37957620269609293,0.8177216286654541,0.4774774774774775,1.0,0.6463414634146342,0.48333333333333334,0.0,62,58,0,53
0.37963131890079194,0.8177216286654541,0.4818181818181818,1.0,0.6503067484662577,0.475,0.0,63,57,0,53
0.37967738697375497,0.8177216286654541,0.4818181818181818,1.0,0.6503067484662577,0.475,0.0,63,57,0,53
0.37978022634923053,0.8177216286654541,0.48623853211009177,1.0,0.654320987654321,0.4666666666666667,0.0,64,56,0,53
0.3799425404225763,0.8177216286654541,0.48623853211009177,1.0,0.654320987654321,0.4666666666666667,0.0,64,56,0,53
0.38009524123272087,0.8177216286654541,0.49074074074074076,1.0,0.6583850931677019,0.4583333333333333,0.0,65,55,0,53
0.38019850240354514,0.8177216286654541,0.49074074074074076,1.0,0.6583850931677019,0.4583333333333333,0.0,65,55,0,53
0.38030176357436934,0.8177216286654541,0.49074074074074076,1.0,0.6583850931677019,0.4583333333333333,0.0,65,55,0,53
0.3803291513049397,0.8177216286654541,0.4953271028037383,1.0,0.6625,0.45,0.0,66,54,0,53
0.3803417858665718,0.8177216286654541,0.4953271028037383,1.0,0.6625,0.45,0.0,66,54,0,53
0.3803653548960861,0.8177216286654541,0.5,1.0,0.6666666666666666,0.44166666666666665,0.0,67,53,0,53
0.3803993613722151,0.8177216286654541,0.5,1.0,0.6666666666666666,0.44166666666666665,0.0,67,53,0,53
0.3804274271081478,0.8177216286654541,0.5047619047619047,1.0,0.6708860759493671,0.43333333333333335,0.0,68,52,0,53
0.38042950210572163,0.8177216286654541,0.5047619047619047,1.0,0.6708860759493671,0.43333333333333335,0.0,68,52,0,53
0.38043157710329545,0.8177216286654541,0.5047619047619047,1.0,0.6708860759493671,0.43333333333333335,0.0,68,52,0,53
0.3804618911224913,0.8177216286654541,0.5096153846153846,1.0,0.6751592356687898,0.425,0.0,69,51,0,53
0.3804967844424907,0.8177216286654541,0.5096153846153846,1.0,0.6751592356687898,0.425,0.0,69,51,0,53
0.3805417799948104,0.8177216286654541,0.5145631067961165,1.0,0.6794871794871795,0.4166666666666667,0.0,70,50,0,53
0.38059556009697393,0.8177216286654541,0.5145631067961165,1.0,0.6794871794871795,0.4166666666666667,0.0,70,50,0,53
0.38064897807081294,0.8177216286654541,0.5196078431372549,1.0,0.6838709677419355,0.4083333333333333,0.0,71,49,0,53
0.38070102800431516,0.8177216286654541,0.5196078431372549,1.0,0.6838709677419355,0.4083333333333333,0.0,71,49,0,53
0.3807530779378174,0.8177216286654541,0.5196078431372549,1.0,0.6838709677419355,0.4083333333333333,0.0,71,49,0,53
0.38078418894459354,0.8177216286654541,0.5247524752475248,1.0,0.6883116883116883,0.4,0.0,72,48,0,53
0.38081254482943205,0.8177216286654541,0.5247524752475248,1.0,0.6883116883116883,0.4,0.0,72,48,0,53
0.3808410473054027,0.8177216286654541,0.53,1.0,0.6928104575163399,0.39166666666666666,0.0,73,47,0,53
0.38086966583268617,0.8177216286654541,0.53,1.0,0.6928104575163399,0.39166666666666666,0.0,73,47,0,53
0.38094023188933746,0.8177216286654541,0.5353535353535354,1.0,0.6973684210526315,0.38333333333333336,0.0,74,46,0,53
0.3811492247929022,0.8177216286654541,0.5353535353535354,1.0,0.6973684210526315,0.38333333333333336,0.0,74,46,0,53
0.381358217696467,0.8177216286654541,0.5353535353535354,1.0,0.6973684210526315,0.38333333333333336,0.0,74,46,0,53
0.3813966375629666,0.8177216286654541,0.5408163265306123,1.0,0.7019867549668874,0.375,0.0,75,45,0,53
0.38141756275899796,0.8177216286654541,0.5408163265306123,1.0,0.7019867549668874,0.375,0.0,75,45,0,53
0.38143447282803716,0.8177216286654541,0.5463917525773195,1.0,0.7066666666666667,0.36666666666666664,0.0,76,44,0,53
0.381448492005642,0.8177216286654541,0.5463917525773195,1.0,0.7066666666666667,0.36666666666666664,0.0,76,44,0,53
0.38147058610772355,0.8177216286654541,0.5520833333333334,1.0,0.7114093959731543,0.35833333333333334,0.0,77,43,0,53
0.38151617089919176,0.8177216286654541,0.5520833333333334,1.0,0.7114093959731543,0.35833333333333334,0.0,77,43,0,53
0.38156175569066003,0.8177216286654541,0.5520833333333334,1.0,0.7114093959731543,0.35833333333333334,0.0,77,43,0,53
0.38173143362764256,0.8177216286654541,0.5578947368421052,1.0,0.7162162162162162,0.35,0.0,78,42,0,53
0.3819104185505387,0.8177216286654541,0.5578947368421052,1.0,0.7162162162162162,0.35,0.0,78,42,0,53
0.38199636952673366,0.8177216286654541,0.5638297872340425,1.0,0.7210884353741497,0.3416666666666667,0.0,79,41,0,53
0.382021490614701,0.8177216286654541,0.5638297872340425,1.0,0.7210884353741497,0.3416666666666667,0.0,79,41,0,53
0.3820406918910787,0.8177216286654541,0.5698924731182796,1.0,0.726027397260274,0.3333333333333333,0.0,80,40,0,53
0.38204460032085,0.8177216286654541,0.5698924731182796,1.0,0.726027397260274,0.3333333333333333,0.0,80,40,0,53
0.3820485087506214,0.8177216286654541,0.5698924731182796,1.0,0.726027397260274,0.3333333333333333,0.0,80,40,0,53
0.3820836187728653,0.8177216286654541,0.5760869565217391,1.0,0.7310344827586207,0.325,0.0,81,39,0,53
0.3821202508240103,0.8177216286654541,0.5760869565217391,1.0,0.7310344827586207,0.325,0.0,81,39,0,53
0.38217379511328436,0.8177216286654541,0.5824175824175825,1.0,0.7361111111111112,0.31666666666666665,0.0,82,38,0,53
0.38223736146959786,0.8177216286654541,0.5824175824175825,1.0,0.7361111111111112,0.31666666666666665,0.0,82,38,0,53
0.3822818160416154,0.8177216286654541,0.5888888888888889,1.0,0.7412587412587412,0.30833333333333335,0.0,83,37,0,53
0.3822821664960266,0.8177216286654541,0.5888888888888889,1.0,0.7412587412587412,0.30833333333333335,0.0,83,37,0,53
0.3822825169504378,0.8177216286654541,0.5888888888888889,1.0,0.7412587412587412,0.30833333333333335,0.0,83,37,0,53
0.3824210944584546,0.8177216286654541,0.5955056179775281,1.0,0.7464788732394366,0.3,0.0,84,36,0,53
0.3825629630867953,0.8177216286654541,0.5955056179775281,1.0,0.7464788732394366,0.3,0.0,84,36,0,53
0.382629794254443,0.8177216286654541,0.6022727272727273,1.0,0.75177304964539,0.2916666666666667,0.0,85,35,0,53
0.3826564267824336,0.8177216286654541,0.6022727272727273,1.0,0.75177304964539,0.2916666666666667,0.0,85,35,0,53
0.3826878822537875,0.8177216286654541,0.6091954022988506,1.0,0.7571428571428571,0.2833333333333333,0.0,86,34,0,53
0.38272932810782256,0.8177216286654541,0.6091954022988506,1.0,0.7571428571428571,0.2833333333333333,0.0,86,34,0,53
0.3827707739618576,0.8177216286654541,0.6091954022988506,1.0,0.7571428571428571,0.2833333333333333,0.0,86,34,0,53
0.38278045220718665,0.8177216286654541,0.6162790697674418,1.0,0.762589928057554,0.275,0.0,87,33,0,53
0.38279013045251575,0.8177216286654541,0.6162790697674418,1.0,0.762589928057554,0.275,0.0,87,33,0,53
0.38282116355869017,0.8177216286654541,0.6235294117647059,1.0,0.7681159420289855,0.26666666666666666,0.0,88,32,0,53
0.38286250590803134,0.8177216286654541,0.6235294117647059,1.0,0.7681159420289855,0.26666666666666666,0.0,88,32,0,53
0.3828986664217024,0.8177216286654541,0.6309523809523809,1.0,0.7737226277372263,0.25833333333333336,0.0,89,31,0,53
0.38292515417545603,0.8177216286654541,0.6309523809523809,1.0,0.7737226277372263,0.25833333333333336,0.0,89,31,0,53
0.3829529378979492,0.8177216286654541,0.6385542168674698,1.0,0.7794117647058824,0.25,0.0,90,30,0,53
0.38303515230750423,0.8177216286654541,0.6385542168674698,1.0,0.7794117647058824,0.25,0.0,90,30,0,53
0.3831173667170593,0.8177216286654541,0.6385542168674698,1.0,0.7794117647058824,0.25,0.0,90,30,0,53
0.38318538319007867,0.8177216286654541,0.6463414634146342,1.0,0.7851851851851852,0.24166666666666667,0.0,91,29,0,53
0.3832472472239325,0.8177216286654541,0.6463414634146342,1.0,0.7851851851851852,0.24166666666666667,0.0,91,29,0,53
0.38333412288439545,0.8177216286654541,0.654320987654321,1.0,0.7910447761194029,0.23333333333333334,0.0,92,28,0,53
0.3834632056647612,0.8177216286654541,0.654320987654321,1.0,0.7910447761194029,0.23333333333333334,0.0,92,28,0,53
0.38359175862929856,0.8177216286654541,0.6625,1.0,0.7969924812030075,0.225,0.0,93,27,0,53
0.3837094503693534,0.8177216286654541,0.6625,1.0,0.7969924812030075,0.225,0.0,93,27,0,53
0.38382714210940816,0.8177216286654541,0.6625,1.0,0.7969924812030075,0.225,0.0,93,27,0,53
0.38397647136656526,0.8177216286654541,0.6708860759493671,1.0,0.803030303030303,0.21666666666666667,0.0,94,26,0,53
0.3841380474045361,0.8177216286654541,0.6708860759493671,1.0,0.803030303030303,0.21666666666666667,0.0,94,26,0,53
0.3842362891198265,0.8177216286654541,0.6666666666666666,0.9811320754716981,0.7938931297709924,0.21666666666666667,0.018867924528301886,94,26,1,52
0.3842376665768998,0.8177216286654541,0.6666666666666666,0.9811320754716981,0.7938931297709924,0.21666666666666667,0.018867924528301886,94,26,1,52
0.38424623305961336,0.8177216286654541,0.6753246753246753,0.9811320754716981,0.8,0.20833333333333334,0.018867924528301886,95,25,1,52
0.38435065321753104,0.8177216286654541,0.6753246753246753,0.9811320754716981,0.8,0.20833333333333334,0.018867924528301886,95,25,1,52
0.3844550733754487,0.8177216286654541,0.6753246753246753,0.9811320754716981,0.8,0.20833333333333334,0.018867924528301886,95,25,1,52
0.38448648232134164,0.8177216286654541,0.6710526315789473,0.9622641509433962,0.7906976744186046,0.20833333333333334,0.03773584905660377,95,25,2,51
0.3844927936631011,0.8177216286654541,0.6710526315789473,0.9622641509433962,0.7906976744186046,0.20833333333333334,0.03773584905660377,95,25,2,51
0.3845276666344079,0.8177216286654541,0.6666666666666666,0.9433962264150944,0.78125,0.20833333333333334,0.05660377358490566,95,25,3,50
0.3846022085356417,0.8177216286654541,0.6666666666666666,0.9433962264150944,0.78125,0.20833333333333334,0.05660377358490566,95,25,3,50
0.3846699802214872,0.8177216286654541,0.6621621621621622,0.9245283018867925,0.7716535433070866,0.20833333333333334,0.07547169811320754,95,25,4,49
0.3846717423072966,0.8177216286654541,0.6621621621621622,0.9245283018867925,0.7716535433070866,0.20833333333333334,0.07547169811320754,95,25,4,49
0.384673504393106,0.8177216286654541,0.6621621621621622,0.9245283018867925,0.7716535433070866,0.20833333333333334,0.07547169811320754,95,25,4,49
0.3847712636693287,0.8177216286654541,0.6712328767123288,0.9245283018867925,0.7777777777777778,0.2,0.07547169811320754,96,24,4,49
0.38489811300325244,0.8177216286654541,0.6712328767123288,0.9245283018867925,0.7777777777777778,0.2,0.07547169811320754,96,24,4,49
0.38501432137642433,0.8177216286654541,0.6805555555555556,0.9245283018867925,0.784,0.19166666666666668,0.07547169811320754,97,23,4,49
0.38511708853601506,0.8177216286654541,0.6805555555555556,0.9245283018867925,0.784,0.19166666666666668,0.07547169811320754,97,23,4,49
0.3852130441693219,0.8177216286654541,0.6901408450704225,0.9245283018867925,0.7903225806451613,0.18333333333333332,0.07547169811320754,98,22,4,49
0.38525723220287134,0.8177216286654541,0.6901408450704225,0.9245283018867925,0.7903225806451613,0.18333333333333332,0.07547169811320754,98,22,4,49
0.38530142023642083,0.8177216286654541,0.6901408450704225,0.9245283018867925,0.7903225806451613,0.18333333333333332,0.07547169811320754,98,22,4,49
0.3853627172977514,0.8177216286654541,0.7,0.9245283018867925,0.7967479674796748,0.175,0.07547169811320754,99,21,4,49
0.385428543219377,0.8177216286654541,0.7,0.9245283018867925,0.7967479674796748,0.175,0.07547169811320754,99,21,4,49
0.38546902327865773,0.8177216286654541,0.6956521739130435,0.9056603773584906,0.7868852459016393,0.175,0.09433962264150944,99,21,5,48
0.3854803555962421,0.8177216286654541,0.6956521739130435,0.9056603773584906,0.7868852459016393,0.175,0.09433962264150944,99,21,5,48
0.3855033658974968,0.8177216286654541,0.7058823529411765,0.9056603773584906,0.7933884297520661,0.16666666666666666,0.09433962264150944,100,20,5,48
0.3855983904313852,0.8177216286654541,0.7058823529411765,0.9056603773584906,0.7933884297520661,0.16666666666666666,0.09433962264150944,100,20,5,48
0.3856934149652737,0.8177216286654541,0.7058823529411765,0.9056603773584906,0.7933884297520661,0.16666666666666666,0.09433962264150944,100,20,5,48
0.3857118185771319,0.8177216286654541,0.7164179104477612,0.9056603773584906,0.8,0.15833333333333333,0.09433962264150944,101,19,5,48
0.3857127088353831,0.8177216286654541,0.7164179104477612,0.9056603773584906,0.8,0.15833333333333333,0.09433962264150944,101,19,5,48
0.38572723248058455,0.8177216286654541,0.7272727272727273,0.9056603773584906,0.8067226890756303,0.15,0.09433962264150944,102,18,5,48
0.38575603872163855,0.8177216286654541,0.7272727272727273,0.9056603773584906,0.8067226890756303,0.15,0.09433962264150944,102,18,5,48
0.3857933517929974,0.8177216286654541,0.7384615384615385,0.9056603773584906,0.8135593220338984,0.14166666666666666,0.09433962264150944,103,17,5,48
0.3858744142773528,0.8177216286654541,0.7384615384615385,0.9056603773584906,0.8135593220338984,0.14166666666666666,0.09433962264150944,103,17,5,48
0.38595547676170827,0.8177216286654541,0.7384615384615385,0.9056603773584906,0.8135593220338984,0.14166666666666666,0.09433962264150944,103,17,5,48
0.3860335266358017,0.8177216286654541,0.75,0.9056603773584906,0.8205128205128205,0.13333333333333333,0.09433962264150944,104,16,5,48
0.3861109907245664,0.8177216286654541,0.75,0.9056603773584906,0.8205128205128205,0.13333333333333333,0.09433962264150944,104,16,5,48
0.38616181876097366,0.8177216286654541,0.746031746031746,0.8867924528301887,0.8103448275862069,0.13333333333333333,0.11320754716981132,104,16,6,47
0.3861872214746761,0.8177216286654541,0.746031746031746,0.8867924528301887,0.8103448275862069,0.13333333333333333,0.11320754716981132,104,16,6,47
0.3862240918366758,0.8177216286654541,0.7419354838709677,0.8679245283018868,0.8,0.13333333333333333,0.1320754716981132,104,16,7,46
0.38631113315997595,0.8177216286654541,0.7419354838709677,0.8679245283018868,0.8,0.13333333333333333,0.1320754716981132,104,16,7,46
0.3863981744832761,0.8177216286654541,0.7419354838709677,0.8679245283018868,0.8,0.13333333333333333,0.1320754716981132,104,16,7,46
0.3864512202365633,0.8177216286654541,0.7540983606557377,0.8679245283018868,0.8070175438596491,0.125,0.1320754716981132,105,15,7,46
0.38649875319471333,0.8177216286654541,0.7540983606557377,0.8679245283018868,0.8070175438596491,0.125,0.1320754716981132,105,15,7,46
0.386541658602629,0.8177216286654541,0.75,0.8490566037735849,0.7964601769911505,0.125,0.1509433962264151,105,15,8,45
0.3865805400538192,0.8177216286654541,0.75,0.8490566037735849,0.7964601769911505,0.125,0.1509433962264151,105,15,8,45
0.38662309029706576,0.8177216286654541,0.7457627118644068,0.8301886792452831,0.7857142857142857,0.125,0.16981132075471697,105,15,9,44
0.38667950042141414,0.8177216286654541,0.7457627118644068,0.8301886792452831,0.7857142857142857,0.125,0.16981132075471697,105,15,9,44
0.3867359105457625,0.8177216286654541,0.7457627118644068,0.8301886792452831,0.7857142857142857,0.125,0.16981132075471697,105,15,9,44
0.38677287888320205,0.8177216286654541,0.7413793103448276,0.8113207547169812,0.7747747747747747,0.125,0.18867924528301888,105,15,10,43
0.38680728909078527,0.8177216286654541,0.7413793103448276,0.8113207547169812,0.7747747747747747,0.125,0.18867924528301888,105,15,10,43
0.3868240686033227,0.8177216286654541,0.7368421052631579,0.7924528301886793,0.7636363636363637,0.125,0.20754716981132076,105,15,11,42
0.3868268904822823,0.8177216286654541,0.7368421052631579,0.7924528301886793,0.7636363636363637,0.125,0.20754716981132076,105,15,11,42
0.3868430845085358,0.8177216286654541,0.75,0.7924528301886793,0.7706422018348624,0.11666666666666667,0.20754716981132076,106,14,11,42
0.38690340662085887,0.8177216286654541,0.75,0.7924528301886793,0.7706422018348624,0.11666666666666667,0.20754716981132076,106,14,11,42
0.38696372873318197,0.8177216286654541,0.75,0.7924528301886793,0.7706422018348624,0.11666666666666667,0.20754716981132076,106,14,11,42
0.3869997872719156,0.8177216286654541,0.7454545454545455,0.7735849056603774,0.7592592592592593,0.11666666666666667,0.22641509433962265,106,14,12,41
0.38703335723899907,0.8177216286654541,0.7454545454545455,0.7735849056603774,0.7592592592592593,0.11666666666666667,0.22641509433962265,106,14,12,41
0.3870823499193909,0.8177216286654541,0.7407407407407407,0.7547169811320755,0.7476635514018691,0.11666666666666667,0.24528301886792453,106,14,13,40
0.38714244695336475,0.8177216286654541,0.7407407407407407,0.7547169811320755,0.7476635514018691,0.11666666666666667,0.24528301886792453,106,14,13,40
0.3872333079903111,0.8177216286654541,0.7547169811320755,0.7547169811320755,0.7547169811320755,0.10833333333333334,0.24528301886792453,107,13,13,40
0.38741366430863217,0.8177216286654541,0.7547169811320755,0.7547169811320755,0.7547169811320755,0.10833333333333334,0.24528301886792453,107,13,13,40
0.38759402062695325,0.8177216286654541,0.7547169811320755,0.7547169811320755,0.7547169811320755,0.10833333333333334,0.24528301886792453,107,13,13,40
0.38763207810931616,0.8177216286654541,0.7692307692307693,0.7547169811320755,0.7619047619047619,0.1,0.24528301886792453,108,12,13,40
0.38765946317898214,0.8177216286654541,0.7692307692307693,0.7547169811320755,0.7619047619047619,0.1,0.24528301886792453,108,12,13,40
0.3876898755271537,0.8177216286654541,0.7647058823529411,0.7358490566037735,0.75,0.1,0.2641509433962264,108,12,14,39
0.3877222672497327,0.8177216286654541,0.7647058823529411,0.7358490566037735,0.75,0.1,0.2641509433962264,108,12,14,39
0.38777532757858674,0.8177216286654541,0.78,0.7358490566037735,0.7572815533980582,0.09166666666666666,0.2641509433962264,109,11,14,39
0.3878817818069847,0.8177216286654541,0.78,0.7358490566037735,0.7572815533980582,0.09166666666666666,0.2641509433962264,109,11,14,39
0.3879882360353826,0.8177216286654541,0.78,0.7358490566037735,0.7572815533980582,0.09166666666666666,0.2641509433962264,109,11,14,39
0.3880795576212845,0.8177216286654541,0.7755102040816326,0.7169811320754716,0.7450980392156863,0.09166666666666666,0.2830188679245283,109,11,15,38
0.38817014102950365,0.8177216286654541,0.7755102040816326,0.7169811320754716,0.7450980392156863,0.09166666666666666,0.2830188679245283,109,11,15,38
0.38826444203449756,0.8177216286654541,0.7708333333333334,0.6981132075471698,0.7326732673267327,0.09166666666666666,0.3018867924528302,109,11,16,37
0.3883609460598025,0.8177216286654541,0.7708333333333334,0.6981132075471698,0.7326732673267327,0.09166666666666666,0.3018867924528302,109,11,16,37
0.3884511353250619,0.8177216286654541,0.7659574468085106,0.6792452830188679,0.72,0.09166666666666666,0.32075471698113206,109,11,17,36
0.38852675206713966,0.8177216286654541,0.7659574468085106,0.6792452830188679,0.72,0.09166666666666666,0.32075471698113206,109,11,17,36
0.3886023688092174,0.8177216286654541,0.7659574468085106,0.6792452830188679,0.72,0.09166666666666666,0.32075471698113206,109,11,17,36
0.3886222732415437,0.8177216286654541,0.7608695652173914,0.660377358490566,0.7070707070707071,0.09166666666666666,0.33962264150943394,109,11,18,35
0.3886408511903045,0.8177216286654541,0.7608695652173914,0.660377358490566,0.7070707070707071,0.09166666666666666,0.33962264150943394,109,11,18,35
0.3887479139449643,0.8177216286654541,0.7555555555555555,0.6415094339622641,0.6938775510204082,0.09166666666666666,0.3584905660377358,109,11,19,34
0.38890237927421273,0.8177216286654541,0.7555555555555555,0.6415094339622641,0.6938775510204082,0.09166666666666666,0.3584905660377358,109,11,19,34
0.3890126915014463,0.8177216286654541,0.75,0.6226415094339622,0.6804123711340206,0.09166666666666666,0.37735849056603776,109,11,20,33
0.3890315437316491,0.8177216286654541,0.75,0.6226415094339622,0.6804123711340206,0.09166666666666666,0.37735849056603776,109,11,20,33
0.3890503959618519,0.8177216286654541,0.75,0.6226415094339622,0.6804123711340206,0.09166666666666666,0.37735849056603776,109,11,20,33
0.38913452817587274,0.8177216286654541,0.7674418604651163,0.6226415094339622,0.6875,0.08333333333333333,0.37735849056603776,110,10,20,33
0.38921866038989356,0.8177216286654541,0.7674418604651163,0.6226415094339622,0.6875,0.08333333333333333,0.37735849056603776,110,10,20,33
0.38927463972213994,0.8177216286654541,0.7619047619047619,0.6037735849056604,0.6736842105263158,0.08333333333333333,0.39622641509433965,110,10,21,32
0.38931702800801254,0.8177216286654541,0.7619047619047619,0.6037735849056604,0.6736842105263158,0.08333333333333333,0.39622641509433965,110,10,21,32
0.38936211470056065,0.8177216286654541,0.7560975609756098,0.5849056603773585,0.6595744680851063,0.08333333333333333,0.41509433962264153,110,10,22,31
0.38941223841890327,0.8177216286654541,0.7560975609756098,0.5849056603773585,0.6595744680851063,0.08333333333333333,0.41509433962264153,110,10,22,31
0.38946238604710376,0.8177216286654541,0.775,0.5849056603773585,0.6666666666666666,0.075,0.41509433962264153,111,9,22,31
0.3895135378893369,0.8177216286654541,0.775,0.5849056603773585,0.6666666666666666,0.075,0.41509433962264153,111,9,22,31
0.3895646897315701,0.8177216286654541,0.775,0.5849056603773585,0.6666666666666666,0.075,0.41509433962264153,111,9,22,31
0.3896674771648202,0.8177216286654541,0.7692307692307693,0.5660377358490566,0.6521739130434783,0.075,0.4339622641509434,111,9,23,30
0.3897926400208443,0.8177216286654541,0.7692307692307693,0.5660377358490566,0.6521739130434783,0.075,0.4339622641509434,111,9,23,30
0.38991589555071393,0.8177216286654541,0.7631578947368421,0.5471698113207547,0.6373626373626373,0.075,0.4528301886792453,111,9,24,29
0.39003593246769785,0.8177216286654541,0.7631578947368421,0.5471698113207547,0.6373626373626373,0.075,0.4528301886792453,111,9,24,29
0.3901536726722042,0.8177216286654541,0.7567567567567568,0.5283018867924528,0.6222222222222222,0.075,0.4716981132075472,111,9,25,28
0.39022433027092096,0.8177216286654541,0.7567567567567568,0.5283018867924528,0.6222222222222222,0.075,0.4716981132075472,111,9,25,28
0.39029498786963773,0.8177216286654541,0.7567567567567568,0.5283018867924528,0.6222222222222222,0.075,0.4716981132075472,111,9,25,28
0.3905136585456287,0.8177216286654541,0.75,0.5094339622641509,0.6067415730337079,0.075,0.49056603773584906,111,9,26,27
0.3907896246063709,0.8177216286654541,0.75,0.5094339622641509,0.6067415730337079,0.075,0.49056603773584906,111,9,26,27
0.39102761315641005,0.8177216286654541,0.7714285714285715,0.5094339622641509,0.6136363636363636,0.06666666666666667,0.49056603773584906,112,8,26,27
0.39120751845478563,0.8177216286654541,0.7714285714285715,0.5094339622641509,0.6136363636363636,0.06666666666666667,0.49056603773584906,112,8,26,27
0.3913794678097072,0.8177216286654541,0.7647058823529411,0.49056603773584906,0.5977011494252874,0.06666666666666667,0.5094339622641509,112,8,27,26
0.39144533791857583,0.8177216286654541,0.7647058823529411,0.49056603773584906,0.5977011494252874,0.06666666666666667,0.5094339622641509,112,8,27,26
0.3915112080274444,0.8177216286654541,0.7647058823529411,0.49056603773584906,0.5977011494252874,0.06666666666666667,0.5094339622641509,112,8,27,26
0.3915513922050337,0.8177216286654541,0.7575757575757576,0.4716981132075472,0.5813953488372093,0.06666666666666667,0.5283018867924528,112,8,28,25
0.3915827468437457,0.8177216286654541,0.7575757575757576,0.4716981132075472,0.5813953488372093,0.06666666666666667,0.5283018867924528,112,8,28,25
0.39170499283430826,0.8177216286654541,0.78125,0.4716981132075472,0.5882352941176471,0.058333333333333334,0.5283018867924528,113,7,28,25
0.391953476813552,0.8177216286654541,0.78125,0.4716981132075472,0.5882352941176471,0.058333333333333334,0.5283018867924528,113,7,28,25
0.3921873964647172,0.8177216286654541,0.7741935483870968,0.4528301886792453,0.5714285714285714,0.058333333333333334,0.5471698113207547,113,7,29,24
0.39227931391711585,0.8177216286654541,0.7741935483870968,0.4528301886792453,0.5714285714285714,0.058333333333333334,0.5471698113207547,113,7,29,24
0.3923712313695145,0.8177216286654541,0.7741935483870968,0.4528301886792453,0.5714285714285714,0.058333333333333334,0.5471698113207547,113,7,29,24
0.39241241306821184,0.8177216286654541,0.7666666666666667,0.4339622641509434,0.5542168674698795,0.058333333333333334,0.5660377358490566,113,7,30,23
0.39243822029609066,0.8177216286654541,0.7666666666666667,0.4339622641509434,0.5542168674698795,0.058333333333333334,0.5660377358490566,113,7,30,23
0.3924981168241454,0.8177216286654541,0.7586206896551724,0.41509433962264153,0.5365853658536586,0.058333333333333334,0.5849056603773585,113,7,31,22
0.39260107352084345,0.8177216286654541,0.7586206896551724,0.41509433962264153,0.5365853658536586,0.058333333333333334,0.5849056603773585,113,7,31,22
0.3927612075176029,0.8177216286654541,0.75,0.39622641509433965,0.5185185185185185,0.058333333333333334,0.6037735849056604,113,7,32,21
0.39335588899482893,0.8177216286654541,0.75,0.39622641509433965,0.5185185185185185,0.058333333333333334,0.6037735849056604,113,7,32,21
0.393950570472055,0.8177216286654541,0.75,0.39622641509433965,0.5185185185185185,0.058333333333333334,0.6037735849056604,113,7,32,21
0.394108246009145,0.8177216286654541,0.7777777777777778,0.39622641509433965,0.525,0.05,0.6037735849056604,114,6,32,21
0.3941502435032579,0.8177216286654541,0.7777777777777778,0.39622641509433965,0.525,0.05,0.6037735849056604,114,6,32,21
0.3942541481008132,0.8177216286654541,0.7692307692307693,0.37735849056603776,0.5063291139240507,0.05,0.6226415094339622,114,6,33,20
0.39442924586732747,0.8177216286654541,0.7692307692307693,0.37735849056603776,0.5063291139240507,0.05,0.6226415094339622,114,6,33,20
0.3945942004437162,0.8177216286654541,0.8,0.37735849056603776,0.5128205128205128,0.041666666666666664,0.6226415094339622,115,5,33,20
0.3946966053476638,0.8177216286654541,0.8,0.37735849056603776,0.5128205128205128,0.041666666666666664,0.6226415094339622,115,5,33,20
0.3947990102516114,0.8177216286654541,0.8,0.37735849056603776,0.5128205128205128,0.041666666666666664,0.6226415094339622,115,5,33,20
0.39493310609961496,0.8177216286654541,0.8333333333333334,0.37735849056603776,0.5194805194805194,0.03333333333333333,0.6226415094339622,116,4,33,20
0.39507444559197413,0.8177216286654541,0.8333333333333334,0.37735849056603776,0.5194805194805194,0.03333333333333333,0.6226415094339622,116,4,33,20
0.3951750696398935,0.8177216286654541,0.8260869565217391,0.3584905660377358,0.5,0.03333333333333333,0.6415094339622641,116,4,34,19
0.39523303941268545,0.8177216286654541,0.8260869565217391,0.3584905660377358,0.5,0.03333333333333333,0.6415094339622641,116,4,34,19
0.3953502046417216,0.8177216286654541,0.8181818181818182,0.33962264150943394,0.48,0.03333333333333333,0.660377358490566,116,4,35,18
0.3957718036457279,0.8177216286654541,0.8181818181818182,0.33962264150943394,0.48,0.03333333333333333,0.660377358490566,116,4,35,18
0.3961934026497342,0.8177216286654541,0.8181818181818182,0.33962264150943394,0.48,0.03333333333333333,0.660377358490566,116,4,35,18
0.396372769380747,0.8177216286654541,0.8571428571428571,0.33962264150943394,0.4864864864864865,0.025,0.660377358490566,117,3,35,18
0.3965050353920111,0.8177216286654541,0.8571428571428571,0.33962264150943394,0.4864864864864865,0.025,0.660377358490566,117,3,35,18
0.396706062275096,0.8177216286654541,0.85,0.32075471698113206,0.4657534246575342,0.025,0.6792452830188679,117,3,36,17
0.39697272453582816,0.8177216286654541,0.85,0.32075471698113206,0.4657534246575342,0.025,0.6792452830188679,117,3,36,17
0.3972183763046892,0.8177216286654541,0.8421052631578947,0.3018867924528302,0.4444444444444444,0.025,0.6981132075471698,117,3,37,16
0.397372107171614,0.8177216286654541,0.8421052631578947,0.3018867924528302,0.4444444444444444,0.025,0.6981132075471698,117,3,37,16
0.3975258380385388,0.8177216286654541,0.8421052631578947,0.3018867924528302,0.4444444444444444,0.025,0.6981132075471698,117,3,37,16
0.3977213924601543,0.8177216286654541,0.8333333333333334,0.2830188679245283,0.4225352112676056,0.025,0.7169811320754716,117,3,38,15
0.39792372907982776,0.8177216286654541,0.8333333333333334,0.2830188679245283,0.4225352112676056,0.025,0.7169811320754716,117,3,38,15
0.39810969590689865,0.8177216286654541,0.8823529411764706,0.2830188679245283,0.42857142857142855,0.016666666666666666,0.7169811320754716,118,2,38,15
0.39828142813170647,0.8177216286654541,0.8823529411764706,0.2830188679245283,0.42857142857142855,0.016666666666666666,0.7169811320754716,118,2,38,15
0.39846937423080114,0.8177216286654541,0.875,0.2641509433962264,0.4057971014492754,0.016666666666666666,0.7358490566037735,118,2,39,14
0.39871857274386807,0.8177216286654541,0.875,0.2641509433962264,0.4057971014492754,0.016666666666666666,0.7358490566037735,118,2,39,14
0.39896777125693494,0.8177216286654541,0.875,0.2641509433962264,0.4057971014492754,0.016666666666666666,0.7358490566037735,118,2,39,14
0.3991552299050161,0.8177216286654541,0.8666666666666667,0.24528301886792453,0.38235294117647056,0.016666666666666666,0.7547169811320755,118,2,40,13
0.39933456488665175,0.8177216286654541,0.8666666666666667,0.24528301886792453,0.38235294117647056,0.016666666666666666,0.7547169811320755,118,2,40,13
0.40000775988028403,0.8177216286654541,0.8571428571428571,0.22641509433962265,0.3582089552238806,0.016666666666666666,0.7735849056603774,118,2,41,12
0.4010719273834136,0.8177216286654541,0.8571428571428571,0.22641509433962265,0.3582089552238806,0.016666666666666666,0.7735849056603774,118,2,41,12
0.40193212089652114,0.8177216286654541,0.8461538461538461,0.20754716981132076,0.3333333333333333,0.016666666666666666,0.7924528301886793,118,2,42,11
0.4021192002425558,0.8177216286654541,0.8461538461538461,0.20754716981132076,0.3333333333333333,0.016666666666666666,0.7924528301886793,118,2,42,11
0.40230627958859055,0.8177216286654541,0.8461538461538461,0.20754716981132076,0.3333333333333333,0.016666666666666666,0.7924528301886793,118,2,42,11
0.40293359563002157,0.8177216286654541,0.9166666666666666,0.20754716981132076,0.3384615384615385,0.008333333333333333,0.7924528301886793,119,1,42,11
0.4036060641530318,0.8177216286654541,0.9166666666666666,0.20754716981132076,0.3384615384615385,0.008333333333333333,0.7924528301886793,119,1,42,11
0.40403161810488925,0.8177216286654541,0.9090909090909091,0.18867924528301888,0.3125,0.008333333333333333,0.8113207547169812,119,1,43,10
0.40427939356551673,0.8177216286654541,0.9090909090909091,0.18867924528301888,0.3125,0.008333333333333333,0.8113207547169812,119,1,43,10
0.40514577257468026,0.8177216286654541,1.0,0.18867924528301888,0.31746031746031744,0.0,0.8113207547169812,120,0,43,10
0.40781172554322076,0.8177216286654541,1.0,0.18867924528301888,0.31746031746031744,0.0,0.8113207547169812,120,0,43,10
0.4104776785117615,0.8177216286654541,1.0,0.18867924528301888,0.31746031746031744,0.0,0.8113207547169812,120,0,43,10
0.4107708234066402,0.8177216286654541,1.0,0.16981132075471697,0.2903225806451613,0.0,0.8301886792452831,120,0,44,9
0.4108860076959942,0.8177216286654541,1.0,0.16981132075471697,0.2903225806451613,0.0,0.8301886792452831,120,0,44,9
0.4115164641383201,0.8177216286654541,1.0,0.1509433962264151,0.26229508196721313,0.0,0.8490566037735849,120,0,45,8
0.41248382929605076,0.8177216286654541,1.0,0.1509433962264151,0.26229508196721313,0.0,0.8490566037735849,120,0,45,8
0.4133602473538508,0.8177216286654541,1.0,0.1320754716981132,0.23333333333333334,0.0,0.8679245283018868,120,0,46,7
0.4140017187368302,0.8177216286654541,1.0,0.1320754716981132,0.23333333333333334,0.0,0.8679245283018868,120,0,46,7
0.41464319011980955,0.8177216286654541,1.0,0.1320754716981132,0.23333333333333334,0.0,0.8679245283018868,120,0,46,7
0.4172154944642063,0.8177216286654541,1.0,0.11320754716981132,0.2033898305084746,0.0,0.8867924528301887,120,0,47,6
0.4198819857823307,0.8177216286654541,1.0,0.11320754716981132,0.2033898305084746,0.0,0.8867924528301887,120,0,47,6
0.422327781108705,0.8177216286654541,1.0,0.09433962264150944,0.1724137931034483,0.0,0.9056603773584906,120,0,48,5
0.42464279362515306,0.8177216286654541,1.0,0.09433962264150944,0.1724137931034483,0.0,0.9056603773584906,120,0,48,5
0.4268510604066436,0.8177216286654541,1.0,0.07547169811320754,0.14035087719298245,0.0,0.9245283018867925,120,0,49,4
0.4288129908766933,0.8177216286654541,1.0,0.07547169811320754,0.14035087719298245,0.0,0.9245283018867925,120,0,49,4
0.430774921346743,0.8177216286654541,1.0,0.07547169811320754,0.14035087719298245,0.0,0.9245283018867925,120,0,49,4
0.4347927906948693,0.8177216286654541,1.0,0.05660377358490566,0.10714285714285714,0.0,0.9433962264150944,120,0,50,3
0.4388596109686644,0.8177216286654541,1.0,0.05660377358490566,0.10714285714285714,0.0,0.9433962264150944,120,0,50,3
0.4422402153514008,0.8177216286654541,1.0,0.03773584905660377,0.07272727272727272,0.0,0.9622641509433962,120,0,51,2
0.4452532040782129,0.8177216286654541,1.0,0.03773584905660377,0.07272727272727272,0.0,0.9622641509433962,120,0,51,2
0.4484027237992649,0.8177216286654541,1.0,0.018867924528301886,0.037037037037037035,0.0,0.9811320754716981,120,0,52,1
0.4518350577226718,0.8177216286654541,1.0,0.018867924528301886,0.037037037037037035,0.0,0.9811320754716981,120,0,52,1
