threshold,precision,recall,f1,fpr,fnr,TN,FP,FN,TP
0.3506084700902493,0.329015271195366,0.5361249356444139,0.40777966322934345,0.48404497796687435,0.46387506435558606,6791,6371,2703,3124
0.3507483601645371,0.3290991849264317,0.5335507122018192,0.40709702762865,0.48153776021881173,0.4664492877981809,6824,6338,2718,3109
0.35090562353756255,0.3295744680851064,0.5316629483439163,0.40690878045576934,0.4788026135845616,0.46833705165608375,6860,6302,2729,3098
0.3510667337085188,0.3297690333618477,0.5292603397974944,0.4063508795045787,0.4762194195411032,0.47073966020250557,6894,6268,2743,3084
0.3512321083520433,0.3297152068780226,0.5265145014587266,0.4054982817869416,0.4738641543838322,0.47348549854127336,6925,6237,2759,3068
0.35144491312150267,0.330020525008102,0.5242835078084778,0.4050649695041103,0.47120498404497796,0.47571649219152223,6960,6202,2772,3055
0.3515961966696199,0.32964169381107494,0.521022824781191,0.4038039502560351,0.46907764777389455,0.478977175218809,6988,6174,2791,3036
0.35176057179869846,0.3296223531979917,0.5182769864424231,0.4029621722596571,0.4666464063212278,0.4817230135575768,7020,6142,2807,3020
0.35192414018692564,0.3296763576522216,0.5157027629998284,0.40222192477579977,0.464215164868561,0.48429723700017163,7052,6110,2822,3005
0.3520571317072408,0.3298775780302195,0.5133001544534066,0.401638243588022,0.46163197082510254,0.48669984554659346,7086,6076,2836,2991
0.3522325254720279,0.3301552106430155,0.5110691608031577,0.4011584831952583,0.45904877678164413,0.48893083919684227,7120,6042,2849,2978
0.3524283381133356,0.330806954971021,0.5093530118414278,0.40110818298533685,0.45616167755660236,0.49064698815857216,7158,6004,2859,2968
0.35255085768524447,0.3312044817927171,0.507293633087352,0.4007592190889371,0.45350250721774804,0.492706366912648,7193,5969,2871,2956
0.352715381492365,0.3317562239495325,0.5054058692294491,0.40057127312295976,0.4506913842881021,0.49459413077055087,7230,5932,2882,2945
0.3528919563826727,0.3319365798414496,0.5030032606830273,0.3999454185713311,0.4481841665400395,0.4969967393169727,7263,5899,2896,2931
0.3530649497937024,0.3323844226827602,0.5009438819289515,0.3996166746526114,0.4454490199057894,0.49905611807104855,7299,5863,2908,2919
0.3532375021228183,0.33188322839152834,0.49751158400549167,0.39815959346243646,0.44339765993010183,0.5024884159945083,7326,5836,2928,2899
0.35339080593442973,0.3326427255985267,0.4959670499399348,0.39820874956941094,0.44051056070506,0.5040329500600652,7364,5798,2937,2890
0.35354277436643033,0.3329861111111111,0.4937360562896859,0.39773277113430566,0.43785139036620574,0.506263943710314,7399,5763,2950,2877
0.35372584348611985,0.3337600372396136,0.49219152222412904,0.39778085991678225,0.434964291141164,0.5078084777758709,7437,5725,2959,2868
0.3539234255583451,0.3345816266822703,0.49064698815857216,0.39785694405789035,0.43200121562072635,0.5093530118414278,7476,5686,2968,2859
0.35406932980861794,0.3344316309719934,0.48772953492363136,0.3967888307155323,0.42972192675885124,0.5122704650763686,7506,5656,2985,2842
0.35423712320178935,0.33455621301775146,0.4851553114810366,0.3960215731596274,0.4272147090107886,0.5148446885189635,7539,5623,3000,2827
0.35440277122838465,0.33511841009163396,0.4832675476231337,0.3957835558678848,0.4244795623765385,0.5167324523768663,7575,5587,3011,2816
0.3545656223638841,0.33500897666068225,0.48035009438819287,0.394725708644761,0.4221242972192676,0.5196499056118071,7606,5556,3028,2799
0.35473032366966506,0.33497833413577277,0.4776042560494251,0.39377431906614785,0.41976903206199667,0.5223957439505749,7637,5525,3044,2783
0.35489701678625557,0.33559322033898303,0.47571649219152223,0.39355434088166397,0.4169579091323507,0.5242835078084778,7674,5488,3055,2772
0.35509253529099705,0.33605259953731886,0.4736571134374464,0.39316239316239315,0.41429873879349643,0.5263428865625537,7709,5453,3067,2760
0.3552306058193026,0.3364360073484385,0.4714261197871975,0.392652944539737,0.41163956845464217,0.5285738802128025,7744,5418,3080,2747
0.35543168259843616,0.33604336043360433,0.46816543675991074,0.3912513445679455,0.40951223218355876,0.5318345632400893,7772,5390,3099,2728
0.35560491742979117,0.3355638166047088,0.464733138836451,0.3897244009498453,0.4073848959124753,0.535266861163549,7800,5362,3119,2708
0.35580584303856966,0.33516141094353735,0.46147245580916424,0.38830324909747294,0.4052575596413919,0.5385275441908358,7828,5334,3138,2689
0.3559705824152217,0.33467084639498434,0.45804015788570446,0.38675554267497464,0.40313022337030846,0.5419598421142955,7856,5306,3158,2669
0.35614747849742723,0.33488900100908175,0.45563754933928263,0.386041439476554,0.40062300562224584,0.5443624506607173,7889,5273,3172,2655
0.35633720029390564,0.33460220784164446,0.4525484812081689,0.3847388386343741,0.3984196930557666,0.5474515187918312,7918,5244,3190,2637
0.3565129120072963,0.33448231839652753,0.44963102797322807,0.383601756954612,0.39606442789849566,0.5503689720267719,7949,5213,3207,2620
0.3567075675379979,0.33431800667865397,0.44671357473828727,0.3824285609344009,0.3937851390366206,0.5532864252617127,7979,5183,3224,2603
0.3569289057914747,0.33380718531920395,0.44328127681482754,0.3808330261702912,0.39165780276553713,0.5567187231851725,8007,5155,3244,2583
0.357123439659556,0.3337667403458588,0.44053543847605975,0.379789909749963,0.3893025376082662,0.5594645615239403,8038,5124,3260,2567
0.3573306378395236,0.3340311396048672,0.43813282992963787,0.37906458797327397,0.3867193435648078,0.5618671700703621,8072,5090,3274,2553
0.3575273510065168,0.3338599262769879,0.4352153766946971,0.3778588989048648,0.3844400547029327,0.5647846233053029,8102,5060,3291,2536
0.3577169513459358,0.3333333333333333,0.43178307877123734,0.37622429906542054,0.3823127184318493,0.5682169212287627,8130,5032,3311,2516
0.3579645770499637,0.33382215704572726,0.4297237000171615,0.375750300120048,0.379653548092995,0.5702762999828385,8165,4997,3323,2504
0.35816023701093475,0.33382530524620957,0.4269778616783937,0.3746987951807229,0.37722230664032824,0.5730221383216063,8197,4965,3339,2488
0.35834369966418256,0.3331082905752093,0.42337394885876095,0.3728557394392806,0.3752469229600365,0.5766260511412391,8223,4939,3360,2467
0.3585054140703975,0.33283500951345474,0.42028488072764714,0.371482745544179,0.37296763409816136,0.5797151192723529,8253,4909,3378,2449
0.3586972128591023,0.3323758719737382,0.41702419770036037,0.3699193180088293,0.37084029782707795,0.5829758022996396,8281,4881,3397,2430
0.3588760878259667,0.3319564918077929,0.4137635146730736,0.3683728036669213,0.3686369852605987,0.5862364853269264,8310,4852,3416,2411
0.35907727025007663,0.3323170731707317,0.4115325210228248,0.3677068159165836,0.36605379121714027,0.5884674789771752,8344,4818,3429,2398
0.3592841349874043,0.33203125,0.408443452891711,0.3662947287418238,0.36377450235526515,0.591556547108289,8374,4788,3447,2380
0.35947380186969186,0.33197584608903247,0.4056976145529432,0.36515291936978683,0.36141923719799424,0.5943023854470568,8405,4757,3463,2364
0.35965508192600687,0.3320610687022901,0.4031233911103484,0.36415781722347107,0.35898799574532747,0.5968766088896517,8437,4725,3478,2349
0.3598508236678437,0.3323370338741816,0.40072078256392657,0.3633392982183148,0.356404801701869,0.5992792174360735,8471,4691,3492,2335
0.36011759578074887,0.3319959879638917,0.39763171443281276,0.361861627362174,0.35420148913538974,0.6023682855671872,8500,4662,3510,2317
0.36032540522381473,0.33155388832780264,0.394371031405526,0.36024455243768616,0.3519981765689105,0.605628968594474,8529,4633,3529,2298
0.360532682446052,0.33004067402672865,0.3899090441050283,0.35748564235701363,0.3504026743655979,0.6100909558949716,8550,4612,3555,2272
0.36074094032978893,0.32943241661790523,0.3864767461815686,0.3556819079207139,0.3482753380945145,0.6135232538184314,8578,4584,3575,2252
0.36100394997189145,0.32950360877890705,0.38390252273897374,0.3546290424857324,0.34584409664184773,0.6160974772610263,8610,4552,3590,2237
0.3612350596822753,0.32947633882213323,0.38115668440020595,0.3534373010821133,0.34341285518918097,0.6188433155997941,8642,4520,3606,2221
0.3614745556889307,0.3292500746937556,0.37823923116526514,0.3520485584218513,0.3411335663273059,0.6217607688347349,8672,4490,3623,2204
0.36177115104791363,0.3286187180258802,0.37480693324180536,0.3501964242764371,0.33900623005622244,0.6251930667581946,8700,4462,3643,2184
0.3620433499796427,0.3283830883467192,0.3718894800068646,0.3487848060518268,0.3367269411943474,0.6281105199931354,8730,4432,3660,2167
0.36228079660061346,0.32834681727980464,0.36914364166809677,0.34755210857973823,0.3342956997416806,0.6308563583319032,8762,4400,3676,2151
0.3624782434404117,0.3273370233702337,0.3653681139522911,0.34530857189197955,0.3323962923567847,0.6346318860477089,8787,4375,3698,2129
0.36274559183690935,0.3277571251548947,0.3631371203020422,0.34454123585443297,0.32973712201793043,0.6368628796979577,8822,4340,3711,2116
0.36308912701818136,0.328288344515525,0.36107774154796635,0.34390323635174896,0.3270779516790761,0.6389222584520337,8857,4305,3723,2104
0.3634263131904409,0.32683540323848453,0.3567873691436417,0.34115523465703973,0.3253304968849719,0.6432126308563584,8880,4282,3748,2079
0.3636779966292236,0.326575863161229,0.35386991590870087,0.3396754797792604,0.3230512080230968,0.6461300840912991,8910,4252,3765,2062
0.36400306378365826,0.3261528642093506,0.3507808477775871,0.3380188523234662,0.3208478954566175,0.6492191522224129,8939,4223,3783,2044
0.3642914314322129,0.3256150506512301,0.34752016475030034,0.3362111904366595,0.31864458289013825,0.6524798352496997,8968,4194,3802,2025
0.36454581691896387,0.32517822423849646,0.3444310966191865,0.33452787732311023,0.31644127032365904,0.6555689033808134,8997,4165,3820,2007
0.3648395927781167,0.3251143043762247,0.34168525828041874,0.3331938749895406,0.3140100288709923,0.6583147417195813,9029,4133,3836,1991
0.36508654716950906,0.3240085568537107,0.337909730564613,0.33081317204301075,0.31211062148609636,0.662090269435387,9054,4108,3858,1969
0.36530950078465063,0.32360258749378007,0.3348206624334992,0.3291160593792173,0.30983133262422125,0.6651793375665007,9084,4078,3876,1951
0.3655713103934727,0.32280173854898025,0.33138836451003945,0.32703869929714624,0.3077799726485337,0.6686116354899605,9111,4051,3896,1931
0.36592022111423494,0.3228850690933603,0.32881414106744467,0.3258226341297509,0.30527275490047107,0.6711858589325553,9144,4018,3911,1916
0.3661480849815689,0.32240529981314764,0.32572507293633085,0.3240566843093734,0.3030694423339918,0.6742749270636691,9173,3989,3929,1898
0.3664140459462445,0.32214420277444766,0.3228076197013901,0.32247557003257327,0.3007141771767209,0.67719238029861,9204,3958,3946,1881
0.36674822313245586,0.3214779005524862,0.31954693667410333,0.32050951028487823,0.2985868409056374,0.6804530633258967,9232,3930,3965,1862
0.3670767289404272,0.3206824512534819,0.31611463875064355,0.3183821623023075,0.296459504634554,0.6838853612493564,9260,3902,3985,1842
0.36739014956913085,0.3199929787607513,0.3128539557233568,0.31638320027768135,0.2943321683634706,0.6871460442766432,9288,3874,4004,1823
0.3676930662816371,0.32058771463975927,0.3107945769692809,0.31561519693272916,0.2915970217292205,0.6892054230307191,9324,3838,4016,1811
0.3680826252781657,0.31917172438414854,0.3068474343573022,0.31288826668999914,0.2897735906397204,0.6931525656426978,9348,3814,4039,1788
0.3684101102361608,0.3194094346416997,0.3044448258108804,0.3117476495914243,0.28719039659626194,0.6955551741891196,9382,3780,4053,1774
0.36880729156497133,0.3192300708189577,0.3016989874721126,0.31021704605611433,0.28483513143899103,0.6983010125278875,9413,3749,4069,1758
0.3692016539756639,0.3194139194139194,0.2992963789256908,0.3090280854079915,0.2823279136909284,0.7007036210743093,9446,3716,4083,1744
0.36949459032123383,0.31910569105691056,0.29637892569075,0.3073227155440876,0.2799726485336575,0.70362107430925,9477,3685,4100,1727
0.369844166526396,0.3179869524697111,0.29277501287111724,0.3048606147248034,0.27799726485336573,0.7072249871288828,9503,3659,4121,1706
0.3701771928323835,0.3169080308444612,0.28917110005148444,0.3024048815506102,0.27594590487767817,0.7108288999485155,9530,3632,4142,1685
0.37054171889592696,0.31669829222011386,0.28642526171271665,0.30080201856357575,0.27359063972040726,0.7135747382872833,9561,3601,4158,1669
0.37085580825684544,0.3165453849099962,0.28367942337394886,0.2992125984251969,0.2711593982677405,0.7163205766260511,9593,3569,4174,1653
0.37118318884079077,0.3161352657004831,0.28076197013900805,0.29740047264133795,0.2688801094058654,0.719238029860992,9623,3539,4191,1636
0.37154070459808786,0.316364345621221,0.27835936159258623,0.296147526017893,0.2662969153624069,0.7216406384074138,9657,3505,4205,1622
0.3719758198912566,0.3161417322834646,0.27561352325381844,0.2944897772072981,0.263941650205136,0.7243864767461816,9688,3474,4221,1606
0.37236301909248937,0.31518282988871227,0.27218122533035866,0.2921079289068975,0.2618143139340526,0.7278187746696413,9716,3446,4241,1586
0.37266682029875436,0.3149448345035105,0.26943538699159086,0.29041805401405846,0.25945904877678166,0.7305646130084091,9747,3415,4257,1570
0.3731151110721216,0.31557626088717844,0.267376008237515,0.2894834633965069,0.25672390214253155,0.7326239917624849,9783,3379,4269,1558
0.3734872891121566,0.314519427402863,0.2639437103140553,0.2870206214425679,0.25467254216684393,0.7360562896859447,9810,3352,4289,1538
0.37398995863181633,0.3141263940520446,0.2610262570791145,0.2851251288780579,0.252317277009573,0.7389737429208856,9841,3321,4306,1521
0.3743399261103672,0.3142857142857143,0.25862364853269265,0.2837507060817172,0.2498100592615104,0.7413763514673074,9874,3288,4320,1507
0.3748117296609843,0.31402695871946085,0.25587781019392486,0.28198581560283686,0.24745479410423948,0.7441221898060751,9905,3257,4336,1491
0.37526721527075113,0.3140425531914894,0.25330358675133,0.280421772584782,0.24494757635617687,0.74669641324867,9938,3224,4351,1476
0.3756642299614583,0.31420588867397375,0.2509009782049082,0.27900763358778624,0.24244035860811428,0.7490990217950918,9971,3191,4365,1462
0.37606582968162405,0.31465798045602605,0.24866998455465936,0.2777990797546012,0.23978118826925998,0.7513300154453406,10006,3156,4378,1449
0.37642213573566086,0.3148310662571303,0.2462673760082375,0.27636013480982186,0.2372739705211974,0.7537326239917624,10039,3123,4392,1435
0.37681979242950425,0.3148558758314856,0.2436931525656427,0.2747412208571152,0.23476675277313477,0.7563068474343573,10072,3090,4407,1420
0.3773485655956617,0.31525879453282546,0.24146215891539385,0.27346938775510204,0.23218355872967633,0.7585378410846061,10106,3056,4420,1407
0.3779193055987018,0.31483578708946774,0.23854470568045305,0.27143136106229254,0.22982829357240542,0.761455294319547,10137,3025,4437,1390
0.3783407398298273,0.3143315018315018,0.23562725244551228,0.2693477194703286,0.22754900471053033,0.7643727475544877,10167,2995,4454,1373
0.3788697257123957,0.31574074074074077,0.23408271837995537,0.26884793535034984,0.22458592919009268,0.7659172816200446,10206,2956,4463,1364
0.37936558078193944,0.31500117013807627,0.2309936502488416,0.26653465346534655,0.22238261662361344,0.7690063497511584,10235,2927,4481,1346
0.37979059368377255,0.3152662721893491,0.22859104170241978,0.2650218861918026,0.219799422580155,0.7714089582975803,10269,2893,4495,1332
0.38028796935712095,0.31570129248444234,0.22636004805217091,0.26366816591704145,0.21721622853669656,0.7736399519478291,10303,2859,4508,1319
0.38087292778096504,0.3162227602905569,0.22412905440192207,0.2623280104449131,0.21455705819784227,0.7758709455980779,10338,2824,4521,1306
0.3813216381580164,0.316678912564291,0.22189806075167323,0.26094853683148334,0.21197386415438382,0.7781019392483267,10372,2790,4534,1293
0.3817848767410066,0.3174721189591078,0.2198386819975974,0.25978503346177245,0.2092387175201337,0.7801613180024026,10408,2754,4546,1281
0.3825615753397739,0.31670010030090273,0.21674961386648361,0.25736118186449314,0.20703540495365447,0.7832503861335164,10437,2725,4564,1263
0.38312933811728583,0.3189545800558234,0.21571992448944569,0.2573710073710074,0.20392037684242517,0.7842800755105543,10478,2684,4570,1257
0.3836529290933229,0.31877729257641924,0.21297408615067787,0.25534979423868315,0.2014891353897584,0.7870259138493221,10510,2652,4586,1241
0.38422112537224834,0.3172126885075403,0.20937017333104513,0.25224852682725113,0.19951375170946664,0.7906298266689549,10536,2626,4607,1220
0.3847841321841773,0.31648235913638756,0.20628110519993134,0.24976623376623378,0.19723446284759155,0.7937188948000686,10566,2596,4625,1202
0.3853764360620688,0.3172487336710211,0.2042217264458555,0.24848611401127585,0.19457529250873729,0.7957782735541445,10601,2561,4637,1190
0.3859548115906417,0.31839049419389687,0.20233396258795264,0.24742917103882475,0.19176416957909131,0.7976660374120473,10638,2524,4648,1179
0.38687076005921955,0.31783369803063455,0.19941650935301183,0.24507012548771487,0.18948488071721623,0.8005834906469882,10668,2494,4665,1162
0.38775245890620497,0.3181818181818182,0.19701390080659,0.2433492315845257,0.18690168667375778,0.80298609919341,10702,2460,4679,1148
0.3883751218487821,0.3181690536366189,0.1944396773639952,0.2413719642096293,0.18447044522109102,0.8055603226360049,10734,2428,4694,1133
0.3889950595087849,0.31682322801024765,0.19100737944053545,0.23832976445396145,0.1823431089500076,0.8089926205594645,10762,2400,4714,1113
0.3898916708536828,0.31592613964223887,0.18791831130942166,0.23566125040352953,0.18013979638352834,0.8120816886905784,10791,2371,4732,1095
0.3907025668915126,0.31538911644236395,0.18500085807448086,0.23320713899405085,0.1777845312262574,0.8149991419255191,10822,2340,4749,1078
0.3915328844619588,0.315633343221596,0.18259824952805903,0.2313546423135464,0.1752773134781948,0.817401750471941,10855,2307,4763,1064
0.392278128672816,0.31688233523924164,0.18071048567015616,0.2301639344262295,0.17246619054854886,0.8192895143298439,10892,2270,4774,1053
0.3930561702559907,0.31868131868131866,0.17916595160459928,0.22937493134131606,0.16957909132350707,0.8208340483954008,10930,2232,4783,1044
0.3939214264717646,0.32063197026022305,0.1776214175390424,0.22860298177802318,0.16661601580306945,0.8223785824609576,10969,2193,4792,1035
0.3948001229997753,0.32033951587551085,0.17487557920027458,0.22624333925399645,0.1642607506457985,0.8251244207997254,11000,2162,4808,1019
0.39561652805422864,0.3209955328653478,0.17264458555002574,0.22452851244280772,0.16167755660234007,0.8273554144499743,11034,2128,4821,1006
0.39657698867998187,0.32112767336357745,0.17007036210743093,0.22237181644788512,0.15917033885427748,0.8299296378925691,11067,2095,4836,991
0.39771483169756416,0.32181638696939785,0.1678393684571821,0.2206180915858335,0.15658714481081903,0.8321606315428179,11101,2061,4849,978
0.39873916682693417,0.31962554329655635,0.16406384074137634,0.21682921297346336,0.15461176113052727,0.8359361592586236,11127,2035,4871,956
0.39949582969081976,0.3179347826086957,0.16063154281791658,0.2134306236461065,0.15256040115483968,0.8393684571820834,11154,2008,4891,936
0.40047570039925584,0.31837016574585636,0.15822893427149476,0.21139516221483434,0.14997720711138124,0.8417710657285052,11188,1974,4905,922
0.4014389608256118,0.3166023166023166,0.154796636348035,0.2079299216228677,0.14792584713569365,0.845203363651965,11215,1947,4925,902
0.4023630363360557,0.3166726169225277,0.1522224129054402,0.20560964302271673,0.14541862938763106,0.8477775870945599,11248,1914,4940,887
0.40368938051631986,0.31445170660856936,0.14861850008580746,0.20184127724041487,0.14344324570733932,0.8513814999141925,11274,1888,4961,866
0.4046467076077996,0.3130081300813008,0.1453578170585207,0.1985233798195242,0.14123993314086006,0.8546421829414793,11303,1859,4980,847
0.4059198112388932,0.313651748777736,0.14312682340827185,0.19655903841621494,0.13865673909740162,0.8568731765917281,11337,1825,4993,834
0.40750519013512804,0.31214094216775184,0.13986614038098508,0.1931737378525717,0.13645342653092235,0.8601338596190149,11366,1796,5012,815
0.4089131889943094,0.3108424336973479,0.1367770722498713,0.18996543916100583,0.13425011396444309,0.8632229277501288,11395,1767,5030,797
0.41042258153917616,0.31001589825119236,0.1338596190149305,0.18698309960445883,0.13189484880717217,0.8661403809850695,11426,1736,5047,780
0.4120674004485908,0.3070068853786958,0.13008409129912477,0.18273866923818707,0.12999544142227626,0.8699159087008752,11451,1711,5069,758
0.41348243311265515,0.30855018587360594,0.1281963274412219,0.1811348205625606,0.1271843184926303,0.8718036725587781,11488,1674,5080,747
0.41492206849679525,0.3079191238416175,0.1254504891024541,0.1782709425679795,0.12482905333535937,0.874549510897546,11519,1643,5096,731
0.4163928942877733,0.3081220455522132,0.12304788055603226,0.1758646063281825,0.12232183558729676,0.8769521194439678,11552,1610,5110,717
0.41815608917073815,0.305835892935498,0.1196155826325725,0.17197137922526523,0.12019449931621334,0.8803844173674275,11580,1582,5130,697
0.42032581012291625,0.30824372759856633,0.11807104856701561,0.1707407866981015,0.11730740009117155,0.8819289514329843,11618,1544,5139,688
0.42264789395113644,0.30723443223443225,0.11515359533207482,0.16751966046685807,0.11495213493390062,0.8848464046679252,11649,1513,5156,671
0.42499914753141677,0.30978006551240056,0.11360906126651793,0.1662481165243596,0.11206503570885884,0.8863909387334821,11687,1475,5165,662
0.42765114612420857,0.30876017233125896,0.11069160803157714,0.1629610914603335,0.1097097705515879,0.8893083919684228,11718,1444,5182,645
0.4300364960867496,0.3099902056807052,0.10863222927750128,0.16088448341593595,0.10705060021273363,0.8913677707224987,11753,1409,5194,633
0.43228682468638224,0.30892678034102306,0.1057147760425605,0.15752461322081576,0.10469533505546269,0.8942852239574395,11784,1378,5211,616
0.43569614221063196,0.30970724191063176,0.10348378239231165,0.15513249292513506,0.10211214101200425,0.8965162176076883,11818,1344,5224,603
0.43823969694734094,0.3080568720379147,0.10039471426119788,0.15143670722236605,0.09983285215012916,0.8996052857388022,11848,1314,5242,585
0.4416934254619928,0.31047516198704106,0.09867856529946799,0.14975908321396014,0.09702172922048322,0.901321434700532,11885,1277,5252,575
0.4452620275220518,0.30875831485587585,0.09558949716835421,0.14598348840256847,0.09474244035860811,0.9044105028316458,11915,1247,5270,557
0.4496538291132479,0.305065452475811,0.09198558434872146,0.14135021097046413,0.09276705667831636,0.9080144156512785,11941,1221,5291,536
0.45283881382043395,0.30661205383265067,0.08992620559464562,0.13906581740976645,0.09003191004406626,0.9100737944053544,11977,1185,5303,524
0.45610197166277017,0.3104693140794224,0.08855328642526171,0.13780210976098278,0.08706883452362862,0.9114467135747383,12016,1146,5311,516
0.4592807634605418,0.3104089219330855,0.0859790629826669,0.13465931998387315,0.08456161677556602,0.9140209370173331,12049,1113,5326,501
0.4632038661966815,0.3126994256541161,0.08409129912476403,0.13253989721395726,0.08182647014131592,0.915908700875236,12085,1077,5337,490
0.46719015964095756,0.30723684210526314,0.08014415651278531,0.12712671838845788,0.08000303905181583,0.9198558434872147,12109,1053,5360,467
0.47161718270755354,0.30842391304347827,0.07791316286253647,0.12440060282230443,0.07734386871296156,0.9220868371374635,12144,1018,5373,454
0.47505997575947234,0.30526315789473685,0.0746524798352497,0.1199669056811914,0.07521653244187813,0.9253475201647503,12172,990,5392,435
0.47766920608931696,0.3042846768336964,0.07190664149648189,0.11632426429761243,0.07278529098921137,0.9280933585035182,12204,958,5408,419
0.4807171601668544,0.3037593984962406,0.06933241805388708,0.11289646499930138,0.0703540495365446,0.9306675819461129,12236,926,5423,404
0.48391569835771664,0.30265210608424337,0.06658657971511928,0.1091574061049374,0.06792280808387784,0.9334134202848807,12268,894,5439,388
0.4881694295844416,0.3020242914979757,0.06401235627252445,0.10563579722458227,0.06549156663121106,0.9359876437274756,12300,862,5454,373
0.49220614686267233,0.3016006739679865,0.06143813282992964,0.1020815511833476,0.06298434888314845,0.9385618671700704,12333,829,5469,358
0.495539277264967,0.30087719298245613,0.05886390938733482,0.0984641883163485,0.06055310743048169,0.9411360906126652,12365,797,5484,343
0.5002619868187296,0.29853479853479853,0.055946456152394027,0.09423327070385894,0.05819784227321076,0.944053543847606,12396,766,5501,326
0.5058832322551503,0.2985645933014354,0.0535438476059722,0.09080325960419092,0.055690624525148155,0.9464561523940278,12429,733,5515,312
0.5106339758478738,0.30190571715145437,0.051656083748069334,0.08821805392731535,0.052879501595502205,0.9483439162519307,12466,696,5526,301
0.5165493858084735,0.29789473684210527,0.048567015616955554,0.0835177807289361,0.05067618902902295,0.9514329843830445,12495,667,5544,283
0.5220952950850964,0.29711751662971175,0.04599279217436073,0.07965522365879031,0.04816897128096034,0.9540072078256393,12528,634,5559,268
0.5313181709558618,0.2982456140350877,0.04376179852411189,0.07632445375636038,0.0455857772375019,0.9562382014758881,12562,600,5572,255
0.5404518593543148,0.3023543990086741,0.04187403466620903,0.07356044618631294,0.04277465430785595,0.958125965333791,12599,563,5583,244
0.5477177173071536,0.30394736842105263,0.03964304101596019,0.07013815090329437,0.04019146026439751,0.9603569589840398,12633,529,5596,231
0.554530309649217,0.3015427769985975,0.03689720267719238,0.06574923547400612,0.037836195107126575,0.9631027973228076,12664,498,5612,215
0.5609758521194347,0.29774436090225564,0.033979749442251586,0.06099815157116451,0.03548092994985565,0.9660202505577484,12695,467,5629,198
0.5678466574001673,0.30097087378640774,0.031920370688175735,0.05771916214119473,0.032821759611001367,0.9680796293118242,12730,432,5641,186
0.5764200389222113,0.2929824561403509,0.028659687660888965,0.052211974362982645,0.030618447044522108,0.971340312339111,12759,403,5660,167
0.5855665952431862,0.30019120458891013,0.026943538699159088,0.049448818897637796,0.02780732411487616,0.9730564613008409,12796,366,5670,157
0.5931512117218654,0.30736842105263157,0.02505577484125622,0.0463344969850841,0.02499620118523021,0.9749442251587438,12833,329,5681,146
0.5998278672185737,0.3130841121495327,0.022996396087180366,0.04284572342126299,0.022337030846375932,0.9770036039128196,12868,294,5693,134
0.6065858275656585,0.3105263157894737,0.020250557748412563,0.03802158852908007,0.019905789393709163,0.9797494422515874,12900,262,5709,118
0.6118559040199064,0.3153153153153153,0.018019564098163722,0.03409090909090909,0.01732259535025072,0.9819804359018363,12934,228,5722,105
0.6177178402175927,0.3192982456140351,0.015616955551741892,0.029777486910994765,0.01473940130679228,0.9843830444482581,12968,194,5736,91
0.6283111500295223,0.3067226890756303,0.01252788742062811,0.02407254740313273,0.012536088740313022,0.9874721125793718,12997,165,5754,73
0.6396361836172708,0.3105263157894737,0.010125278874206282,0.019611101878012297,0.009952894696854581,0.9898747211257937,13031,131,5768,59
0.6572655766231615,0.32167832167832167,0.00789428522395744,0.01541038525963149,0.00736970065339614,0.9921057147760426,13065,97,5781,46
0.6734452495634458,0.24210526315789474,0.00394714261197872,0.007767646065518406,0.005470293268500228,0.9960528573880213,13090,72,5804,23
0.6791234347865834,0.1875,0.0015445340655568904,0.0030638297872340424,0.0029630755204376235,0.9984554659344431,13123,39,5818,9
