threshold,precision,recall,f1,fpr,fnr,tp,tn,fp,fn
0.3733268458355573,0.3063583815028902,1.0,0.4690265486725664,1.0,0.0,53,0,120,0
0.37519332570698033,0.3081395348837209,1.0,0.4711111111111111,0.9916666666666667,0.0,53,1,119,0
0.3757120456277572,0.30994152046783624,1.0,0.4732142857142857,0.9833333333333333,0.0,53,2,118,0
0.37623648017797695,0.31176470588235294,1.0,0.47533632286995514,0.975,0.0,53,3,117,0
0.37636564871599326,0.3136094674556213,1.0,0.4774774774774775,0.9666666666666667,0.0,53,4,116,0
0.37701328753646624,0.31547619047619047,1.0,0.4796380090497738,0.9583333333333334,0.0,53,5,115,0
0.377108485212253,0.31736526946107785,1.0,0.4818181818181818,0.95,0.0,53,6,114,0
0.37724076360248815,0.3192771084337349,1.0,0.4840182648401826,0.9416666666666667,0.0,53,7,113,0
0.3773620612970612,0.3212121212121212,1.0,0.48623853211009177,0.9333333333333333,0.0,53,8,112,0
0.37784804621644835,0.3231707317073171,1.0,0.48847926267281105,0.925,0.0,53,9,111,0
0.3778965670243242,0.32515337423312884,1.0,0.49074074074074076,0.9166666666666666,0.0,53,10,110,0
0.37849903612521635,0.3271604938271605,1.0,0.4930232558139535,0.9083333333333333,0.0,53,11,109,0
0.3786482184102337,0.32919254658385094,1.0,0.4953271028037383,0.9,0.0,53,12,108,0
0.37874496626951065,0.33125,1.0,0.49765258215962443,0.8916666666666667,0.0,53,13,107,0
0.37906463301601206,0.3333333333333333,1.0,0.5,0.8833333333333333,0.0,53,14,106,0
0.3791994396007137,0.33544303797468356,1.0,0.5023696682464455,0.875,0.0,53,15,105,0
0.37930115119025165,0.3375796178343949,1.0,0.5047619047619047,0.8666666666666667,0.0,53,16,104,0
0.37946455977494337,0.33974358974358976,1.0,0.507177033492823,0.8583333333333333,0.0,53,17,103,0
0.38016062026406616,0.3419354838709677,1.0,0.5096153846153846,0.85,0.0,53,18,102,0
0.38019923553895607,0.34415584415584416,1.0,0.5120772946859904,0.8416666666666667,0.0,53,19,101,0
0.3802830937773546,0.3464052287581699,1.0,0.5145631067961165,0.8333333333333334,0.0,53,20,100,0
0.3807585190171625,0.34868421052631576,1.0,0.5170731707317073,0.825,0.0,53,21,99,0
0.38077734270901686,0.3509933774834437,1.0,0.5196078431372549,0.8166666666666667,0.0,53,22,98,0
0.3808667134213648,0.35333333333333333,1.0,0.5221674876847291,0.8083333333333333,0.0,53,23,97,0
0.38090784227173174,0.35570469798657717,1.0,0.5247524752475248,0.8,0.0,53,24,96,0
0.38104207071249135,0.3581081081081081,1.0,0.527363184079602,0.7916666666666666,0.0,53,25,95,0
0.38111250623166304,0.36054421768707484,1.0,0.53,0.7833333333333333,0.0,53,26,94,0
0.38118532934867133,0.363013698630137,1.0,0.5326633165829145,0.775,0.0,53,27,93,0
0.3815528643744274,0.36551724137931035,1.0,0.5353535353535354,0.7666666666666667,0.0,53,28,92,0
0.38192899189616525,0.3680555555555556,1.0,0.5380710659898477,0.7583333333333333,0.0,53,29,91,0
0.3819582620153986,0.3706293706293706,1.0,0.5408163265306123,0.75,0.0,53,30,90,0
0.38196482838024876,0.3732394366197183,1.0,0.5435897435897435,0.7416666666666667,0.0,53,31,89,0
0.38203592655962487,0.375886524822695,1.0,0.5463917525773195,0.7333333333333333,0.0,53,32,88,0
0.38207008715434565,0.37857142857142856,1.0,0.5492227979274611,0.725,0.0,53,33,87,0
0.38215558407682515,0.381294964028777,1.0,0.5520833333333334,0.7166666666666667,0.0,53,34,86,0
0.3824298443488548,0.38405797101449274,1.0,0.5549738219895288,0.7083333333333334,0.0,53,35,85,0
0.3829150568795862,0.38686131386861317,1.0,0.5578947368421052,0.7,0.0,53,36,84,0
0.3830880850620698,0.3897058823529412,1.0,0.5608465608465608,0.6916666666666667,0.0,53,37,83,0
0.3833203170489909,0.3925925925925926,1.0,0.5638297872340425,0.6833333333333333,0.0,53,38,82,0
0.38334857936486466,0.39552238805970147,1.0,0.5668449197860963,0.675,0.0,53,39,81,0
0.38335045670550005,0.39849624060150374,1.0,0.5698924731182796,0.6666666666666666,0.0,53,40,80,0
0.383359095256289,0.4015151515151515,1.0,0.572972972972973,0.6583333333333333,0.0,53,41,79,0
0.3834792334201065,0.40458015267175573,1.0,0.5760869565217391,0.65,0.0,53,42,78,0
0.3837773403214513,0.4076923076923077,1.0,0.5792349726775956,0.6416666666666667,0.0,53,43,77,0
0.38385250394698095,0.4108527131782946,1.0,0.5824175824175825,0.6333333333333333,0.0,53,44,76,0
0.3840055862200913,0.4140625,1.0,0.585635359116022,0.625,0.0,53,45,75,0
0.38412864425592935,0.41732283464566927,1.0,0.5888888888888889,0.6166666666666667,0.0,53,46,74,0
0.384195504768433,0.42063492063492064,1.0,0.5921787709497207,0.6083333333333333,0.0,53,47,73,0
0.38433924080888743,0.424,1.0,0.5955056179775281,0.6,0.0,53,48,72,0
0.38443803412092425,0.4274193548387097,1.0,0.5988700564971752,0.5916666666666667,0.0,53,49,71,0
0.3844509079171831,0.43089430894308944,1.0,0.6022727272727273,0.5833333333333334,0.0,53,50,70,0
0.3844933234858124,0.4344262295081967,1.0,0.6057142857142858,0.575,0.0,53,51,69,0
0.38456786849216995,0.4380165289256198,1.0,0.6091954022988506,0.5666666666666667,0.0,53,52,68,0
0.38485444213599357,0.44166666666666665,1.0,0.6127167630057804,0.5583333333333333,0.0,53,53,67,0
0.3850809418627583,0.44537815126050423,1.0,0.6162790697674418,0.55,0.0,53,54,66,0
0.38524092570969676,0.4491525423728814,1.0,0.6198830409356725,0.5416666666666666,0.0,53,55,65,0
0.3852594913917947,0.452991452991453,1.0,0.6235294117647059,0.5333333333333333,0.0,53,56,64,0
0.38528045320596516,0.45689655172413796,1.0,0.6272189349112426,0.525,0.0,53,57,63,0
0.38531924645205134,0.4608695652173913,1.0,0.6309523809523809,0.5166666666666667,0.0,53,58,62,0
0.3854216996654548,0.4649122807017544,1.0,0.6347305389221557,0.5083333333333333,0.0,53,59,61,0
0.38561412353109825,0.4690265486725664,1.0,0.6385542168674698,0.5,0.0,53,60,60,0
0.38590262192624336,0.4732142857142857,1.0,0.6424242424242425,0.49166666666666664,0.0,53,61,59,0
0.3859801942599686,0.4774774774774775,1.0,0.6463414634146342,0.48333333333333334,0.0,53,62,58,0
0.38604103797453976,0.4818181818181818,1.0,0.6503067484662577,0.475,0.0,53,63,57,0
0.38619785640444076,0.48623853211009177,1.0,0.654320987654321,0.4666666666666667,0.0,53,64,56,0
0.38624407538141386,0.49074074074074076,1.0,0.6583850931677019,0.4583333333333333,0.0,53,65,55,0
0.38634406847961483,0.4953271028037383,1.0,0.6625,0.45,0.0,53,66,54,0
0.38648115760347096,0.5,1.0,0.6666666666666666,0.44166666666666665,0.0,53,67,53,0
0.3865456297772054,0.5047619047619047,1.0,0.6708860759493671,0.43333333333333335,0.0,53,68,52,0
0.386933809522029,0.5096153846153846,1.0,0.6751592356687898,0.425,0.0,53,69,51,0
0.38697808236876663,0.5145631067961165,1.0,0.6794871794871795,0.4166666666666667,0.0,53,70,50,0
0.38712481448142655,0.5196078431372549,1.0,0.6838709677419355,0.4083333333333333,0.0,53,71,49,0
0.38712874884279985,0.5247524752475248,1.0,0.6883116883116883,0.4,0.0,53,72,48,0
0.3876480461923514,0.53,1.0,0.6928104575163399,0.39166666666666666,0.0,53,73,47,0
0.387884365637631,0.5353535353535354,1.0,0.6973684210526315,0.38333333333333336,0.0,53,74,46,0
0.38796959282288357,0.5408163265306123,1.0,0.7019867549668874,0.375,0.0,53,75,45,0
0.38801716098753203,0.5463917525773195,1.0,0.7066666666666667,0.36666666666666664,0.0,53,76,44,0
0.38848624118745734,0.5520833333333334,1.0,0.7114093959731543,0.35833333333333334,0.0,53,77,43,0
0.3886603103563257,0.5578947368421052,1.0,0.7162162162162162,0.35,0.0,53,78,42,0
0.38871027496566934,0.5638297872340425,1.0,0.7210884353741497,0.3416666666666667,0.0,53,79,41,0
0.3888587016511196,0.5698924731182796,1.0,0.726027397260274,0.3333333333333333,0.0,53,80,40,0
0.3889793837290219,0.5760869565217391,1.0,0.7310344827586207,0.325,0.0,53,81,39,0
0.38909121372757877,0.5824175824175825,1.0,0.7361111111111112,0.31666666666666665,0.0,53,82,38,0
0.38909160597769543,0.5888888888888889,1.0,0.7412587412587412,0.30833333333333335,0.0,53,83,37,0
0.38914326857314846,0.5955056179775281,1.0,0.7464788732394366,0.3,0.0,53,84,36,0
0.3891495013624954,0.6022727272727273,1.0,0.75177304964539,0.2916666666666667,0.0,53,85,35,0
0.3892892344885947,0.6091954022988506,1.0,0.7571428571428571,0.2833333333333333,0.0,53,86,34,0
0.3892978901048348,0.6162790697674418,1.0,0.762589928057554,0.275,0.0,53,87,33,0
0.38977904571997884,0.6235294117647059,1.0,0.7681159420289855,0.26666666666666666,0.0,53,88,32,0
0.38986061744676653,0.6309523809523809,1.0,0.7737226277372263,0.25833333333333336,0.0,53,89,31,0
0.38986875262060827,0.6385542168674698,1.0,0.7794117647058824,0.25,0.0,53,90,30,0
0.3901943497685149,0.6463414634146342,1.0,0.7851851851851852,0.24166666666666667,0.0,53,91,29,0
0.3906731329776296,0.654320987654321,1.0,0.7910447761194029,0.23333333333333334,0.0,53,92,28,0
0.39089561710261556,0.6625,1.0,0.7969924812030075,0.225,0.0,53,93,27,0
0.391477375949829,0.6708860759493671,1.0,0.803030303030303,0.21666666666666667,0.0,53,94,26,0
0.3916332941026612,0.6794871794871795,1.0,0.8091603053435115,0.20833333333333334,0.0,53,95,25,0
0.3919288901221276,0.6883116883116883,1.0,0.8153846153846154,0.2,0.0,53,96,24,0
0.3925433189101272,0.6842105263157895,0.9811320754716981,0.8062015503875969,0.2,0.018867924528301886,52,96,24,1
0.392593979369292,0.6933333333333334,0.9811320754716981,0.8125,0.19166666666666668,0.018867924528301886,52,97,23,1
0.39260562160507145,0.7027027027027027,0.9811320754716981,0.8188976377952756,0.18333333333333332,0.018867924528301886,52,98,22,1
0.3926082526023833,0.7123287671232876,0.9811320754716981,0.8253968253968254,0.175,0.018867924528301886,52,99,21,1
0.3927129882807342,0.7083333333333334,0.9622641509433962,0.816,0.175,0.03773584905660377,51,99,21,2
0.3927661185696224,0.7183098591549296,0.9622641509433962,0.8225806451612904,0.16666666666666666,0.03773584905660377,51,100,20,2
0.3929959577229919,0.7285714285714285,0.9622641509433962,0.8292682926829268,0.15833333333333333,0.03773584905660377,51,101,19,2
0.393070976793012,0.7246376811594203,0.9433962264150944,0.819672131147541,0.15833333333333333,0.05660377358490566,50,101,19,3
0.3932428439747378,0.7352941176470589,0.9433962264150944,0.8264462809917356,0.15,0.05660377358490566,50,102,18,3
0.3932453894183919,0.7313432835820896,0.9245283018867925,0.8166666666666667,0.15,0.07547169811320754,49,102,18,4
0.39325607625873094,0.7424242424242424,0.9245283018867925,0.8235294117647058,0.14166666666666666,0.07547169811320754,49,103,17,4
0.3935779702638471,0.7538461538461538,0.9245283018867925,0.8305084745762712,0.13333333333333333,0.07547169811320754,49,104,16,4
0.39375784108304873,0.75,0.9056603773584906,0.8205128205128205,0.13333333333333333,0.09433962264150944,48,104,16,5
0.3937875513439432,0.746031746031746,0.8867924528301887,0.8103448275862069,0.13333333333333333,0.11320754716981132,47,104,16,6
0.39382861706150807,0.7419354838709677,0.8679245283018868,0.8,0.13333333333333333,0.1320754716981132,46,104,16,7
0.39385976569209075,0.7540983606557377,0.8679245283018868,0.8070175438596491,0.125,0.1320754716981132,46,105,15,7
0.3940242988331652,0.75,0.8490566037735849,0.7964601769911505,0.125,0.1509433962264151,45,105,15,8
0.3942738438271174,0.7457627118644068,0.8301886792452831,0.7857142857142857,0.125,0.16981132075471697,44,105,15,9
0.39432218033041044,0.7586206896551724,0.8301886792452831,0.7927927927927928,0.11666666666666667,0.16981132075471697,44,106,14,9
0.3943222829074261,0.7719298245614035,0.8301886792452831,0.8,0.10833333333333334,0.16981132075471697,44,107,13,9
0.3943229631364672,0.7857142857142857,0.8301886792452831,0.8073394495412844,0.1,0.16981132075471697,44,108,12,9
0.394433201959362,0.7818181818181819,0.8113207547169812,0.7962962962962963,0.1,0.18867924528301888,43,108,12,10
0.3944966024460963,0.7777777777777778,0.7924528301886793,0.7850467289719626,0.1,0.20754716981132076,42,108,12,11
0.3945043910057937,0.7735849056603774,0.7735849056603774,0.7735849056603774,0.1,0.22641509433962265,41,108,12,12
0.3954855163086898,0.7692307692307693,0.7547169811320755,0.7619047619047619,0.1,0.24528301886792453,40,108,12,13
0.3956648735178984,0.7843137254901961,0.7547169811320755,0.7692307692307693,0.09166666666666666,0.24528301886792453,40,109,11,13
0.3959294031872211,0.78,0.7358490566037735,0.7572815533980582,0.09166666666666666,0.2641509433962264,39,109,11,14
0.3960962861768131,0.7755102040816326,0.7169811320754716,0.7450980392156863,0.09166666666666666,0.2830188679245283,38,109,11,15
0.39611262721111634,0.7916666666666666,0.7169811320754716,0.7524752475247525,0.08333333333333333,0.2830188679245283,38,110,10,15
0.39646180471149056,0.7872340425531915,0.6981132075471698,0.74,0.08333333333333333,0.3018867924528302,37,110,10,16
0.3967037303370236,0.782608695652174,0.6792452830188679,0.7272727272727273,0.08333333333333333,0.32075471698113206,36,110,10,17
0.39674153776340776,0.7777777777777778,0.660377358490566,0.7142857142857143,0.08333333333333333,0.33962264150943394,35,110,10,18
0.3967822019231845,0.7727272727272727,0.6415094339622641,0.7010309278350515,0.08333333333333333,0.3584905660377358,34,110,10,19
0.39679611717194163,0.7674418604651163,0.6226415094339622,0.6875,0.08333333333333333,0.37735849056603776,33,110,10,20
0.39758377687553326,0.7619047619047619,0.6037735849056604,0.6736842105263158,0.08333333333333333,0.39622641509433965,32,110,10,21
0.39765683162045257,0.7560975609756098,0.5849056603773585,0.6595744680851063,0.08333333333333333,0.41509433962264153,31,110,10,22
0.3980382140301507,0.775,0.5849056603773585,0.6666666666666666,0.075,0.41509433962264153,31,111,9,22
0.39830393485329774,0.7692307692307693,0.5660377358490566,0.6521739130434783,0.075,0.4339622641509434,30,111,9,23
0.39882285390194605,0.7631578947368421,0.5471698113207547,0.6373626373626373,0.075,0.4528301886792453,29,111,9,24
0.39910633153836067,0.7567567567567568,0.5283018867924528,0.6222222222222222,0.075,0.4716981132075472,28,111,9,25
0.3993569929246385,0.75,0.5094339622641509,0.6067415730337079,0.075,0.49056603773584906,27,111,9,26
0.39955994717671145,0.7428571428571429,0.49056603773584906,0.5909090909090909,0.075,0.5094339622641509,26,111,9,27
0.4000813722758213,0.7352941176470589,0.4716981132075472,0.5747126436781609,0.075,0.5283018867924528,25,111,9,28
0.4006409797630878,0.7272727272727273,0.4528301886792453,0.5581395348837209,0.075,0.5471698113207547,24,111,9,29
0.40073444991488405,0.75,0.4528301886792453,0.5647058823529412,0.06666666666666667,0.5471698113207547,24,112,8,29
0.4007810212325423,0.7741935483870968,0.4528301886792453,0.5714285714285714,0.058333333333333334,0.5471698113207547,24,113,7,29
0.40080849441811045,0.7666666666666667,0.4339622641509434,0.5542168674698795,0.058333333333333334,0.5660377358490566,23,113,7,30
0.4008274815099837,0.7586206896551724,0.41509433962264153,0.5365853658536586,0.058333333333333334,0.5849056603773585,22,113,7,31
0.4009694038044509,0.7857142857142857,0.41509433962264153,0.5432098765432098,0.05,0.5849056603773585,22,114,6,31
0.4014547986725958,0.7777777777777778,0.39622641509433965,0.525,0.05,0.6037735849056604,21,114,6,32
0.40151713012472895,0.8076923076923077,0.39622641509433965,0.5316455696202531,0.041666666666666664,0.6037735849056604,21,115,5,32
0.4018658734048156,0.8,0.37735849056603776,0.5128205128205128,0.041666666666666664,0.6226415094339622,20,115,5,33
0.4030328162642207,0.8333333333333334,0.37735849056603776,0.5194805194805194,0.03333333333333333,0.6226415094339622,20,116,4,33
0.4035421487608224,0.8260869565217391,0.3584905660377358,0.5,0.03333333333333333,0.6415094339622641,19,116,4,34
0.40459134789802276,0.8181818181818182,0.33962264150943394,0.48,0.03333333333333333,0.660377358490566,18,116,4,35
0.40492888346626055,0.8095238095238095,0.32075471698113206,0.4594594594594595,0.03333333333333333,0.6792452830188679,17,116,4,36
0.4054623014217378,0.85,0.32075471698113206,0.4657534246575342,0.025,0.6792452830188679,17,117,3,36
0.4056309543962759,0.8421052631578947,0.3018867924528302,0.4444444444444444,0.025,0.6981132075471698,16,117,3,37
0.4057675352252645,0.8333333333333334,0.2830188679245283,0.4225352112676056,0.025,0.7169811320754716,15,117,3,38
0.4058148549629995,0.8823529411764706,0.2830188679245283,0.42857142857142855,0.016666666666666666,0.7169811320754716,15,118,2,38
0.40614611561239644,0.875,0.2641509433962264,0.4057971014492754,0.016666666666666666,0.7358490566037735,14,118,2,39
0.4066661250957166,0.9333333333333333,0.2641509433962264,0.4117647058823529,0.008333333333333333,0.7358490566037735,14,119,1,39
0.4091785945965857,1.0,0.2641509433962264,0.417910447761194,0.0,0.7358490566037735,14,120,0,39
0.41015025948510714,1.0,0.24528301886792453,0.3939393939393939,0.0,0.7547169811320755,13,120,0,40
0.4106574272963407,1.0,0.22641509433962265,0.36923076923076925,0.0,0.7735849056603774,12,120,0,41
0.41748643160563553,1.0,0.20754716981132076,0.34375,0.0,0.7924528301886793,11,120,0,42
0.4185947821376341,1.0,0.18867924528301888,0.31746031746031744,0.0,0.8113207547169812,10,120,0,43
0.42030736671518076,1.0,0.16981132075471697,0.2903225806451613,0.0,0.8301886792452831,9,120,0,44
0.4240628012803889,1.0,0.1509433962264151,0.26229508196721313,0.0,0.8490566037735849,8,120,0,45
0.42573972722811676,1.0,0.1320754716981132,0.23333333333333334,0.0,0.8679245283018868,7,120,0,46
0.43028876003875094,1.0,0.11320754716981132,0.2033898305084746,0.0,0.8867924528301887,6,120,0,47
0.44200666509322073,1.0,0.09433962264150944,0.1724137931034483,0.0,0.9056603773584906,5,120,0,48
0.4421650474262579,1.0,0.07547169811320754,0.14035087719298245,0.0,0.9245283018867925,4,120,0,49
0.45415008350358027,1.0,0.05660377358490566,0.10714285714285714,0.0,0.9433962264150944,3,120,0,50
0.46474738114548425,1.0,0.03773584905660377,0.07272727272727272,0.0,0.9622641509433962,2,120,0,51
0.4753190129182565,1.0,0.018867924528301886,0.037037037037037035,0.0,0.9811320754716981,1,120,0,52
