MaterialID,target_v2,v2_mean_score,v2_median_score,v2_max_score,v2_p95_score,v2_top10_mean_score,target_v3,mean_score,median_score,max_score,p95_score,top10_mean_score,target,v2_rank,v3_rank
2,0,0.3735914073232674,0.3591257759820117,0.6271926158977493,0.4871380958012669,0.5110752117396928,0,0.3752254326046436,0.3595393690159847,0.6422971386196967,0.5320013930077699,0.532377868590033,0,159.0,128.0
3,0,0.3831422222362271,0.362197283279028,0.6541526146262107,0.496559185132993,0.5244479080539036,0,0.3823273625759728,0.3545928620896218,0.6597024026964156,0.5243182691393727,0.5380571947049446,0,83.0,54.0
6,1,0.3915280585204108,0.3736517250488543,0.5987398318231208,0.5544459644343211,0.5429443896970447,1,0.3781692710574534,0.3560839953199215,0.647926690783782,0.5613130144779275,0.5617888812562013,1,34.0,94.0
12,0,0.3813776588967986,0.3640881028180831,0.6394154643463488,0.5217004691000069,0.5232594007167323,0,0.3868335555112861,0.3666259601629441,0.6470467465990403,0.5204321860101364,0.5478247585902782,0,99.0,25.0
31,0,0.3787943908634585,0.366177910543186,0.6292823023946528,0.4941177092493332,0.5185408837941717,0,0.3798214368377731,0.3630595201504419,0.644111983454976,0.5205082548164899,0.5403480406751586,0,114.0,75.0
47,1,0.3892460522735282,0.3724777431339914,0.6455933905579453,0.4867064644842075,0.5179612695057098,1,0.3794530472264387,0.3600292095903069,0.6425543405919137,0.521197004500777,0.5270278049816729,1,43.0,80.0
49,0,0.3774997179394105,0.364374407415198,0.6246593864013819,0.4928349778913543,0.5092622979704152,0,0.377436365655375,0.3602420148781952,0.6474501559072047,0.5106069692726594,0.5297647810262885,0,130.0,103.0
51,1,0.4038875626045244,0.3835266794632442,0.6554125072764645,0.5509300403327018,0.551404036655912,1,0.391216384925303,0.368051247418773,0.6707027685621534,0.5459660039847758,0.5630353575356243,1,12.0,13.0
60,1,0.3844964630478449,0.3758066133445414,0.6376151870861702,0.5028243454609249,0.5149882704817814,1,0.3727148263690369,0.3619665756918419,0.6534251413635984,0.5141246400234423,0.5238102134728556,1,76.0,150.0
63,0,0.3753787211706229,0.365046234505352,0.6243404278230986,0.4855422187834446,0.5081254281345263,0,0.3749428817076437,0.3578392278346525,0.6379190423480549,0.5131996316527256,0.5275898009509354,0,147.0,131.0
76,1,0.3898712306513711,0.3753885823931404,0.6389486483368524,0.5016940744560029,0.5231919217034592,1,0.372299125059592,0.3538203512571785,0.6422268663580445,0.504806295343732,0.529753852568243,1,39.0,155.0
78,0,0.3835862845948774,0.3645013303814213,0.6366486564228673,0.5218818417576777,0.5370026540895187,0,0.3844026886108088,0.3633231421993959,0.6670635309294721,0.5252107127522401,0.5524614944557179,0,81.0,38.0
83,0,0.3756439706269581,0.3595232903820026,0.5753298292445341,0.5141066093241232,0.5233021035655928,0,0.3740150050128746,0.3540040186524142,0.597346153451832,0.5498727984637725,0.5461573237201794,0,143.0,139.0
86,0,0.3783104046010481,0.3610209207890835,0.6299097034621102,0.5098351291238877,0.5146367633938931,0,0.379508174923914,0.3592598974232496,0.6403607638412574,0.5228367242322203,0.5389505367896539,0,124.0,79.0
96,1,0.3884282744495501,0.3728417542303794,0.6306274168113191,0.5099989254064454,0.5314380226269075,1,0.3771131160090668,0.3566918399865851,0.6261331389041013,0.5461551617990527,0.5402068929161031,1,48.0,106.0
101,0,0.3772323697495132,0.3610196611127013,0.6196842716536296,0.4998872781944796,0.5202257125931444,0,0.3788806838705138,0.3579313078312857,0.6200735981889175,0.5270178192112395,0.5393719120873852,0,132.0,86.0
106,0,0.3756257604123348,0.3572521788968906,0.6393377908949328,0.5203226014635988,0.5337269045341029,0,0.3741782012073176,0.3539042871641303,0.6502069803990672,0.5538498876434592,0.5639129096340751,0,144.0,137.0
107,0,0.3821338813546689,0.3628287644310437,0.6325532521570341,0.516008468315277,0.5271785572490694,0,0.3828016872898399,0.361046021276651,0.6538981079098509,0.5062087022158418,0.5441134610995245,0,92.0,47.0
120,1,0.395146758820623,0.378867039476486,0.633485291520025,0.5045950606305912,0.5290123312878724,1,0.3739228276233455,0.3570340702605304,0.6521784249179441,0.5210396093728253,0.5314257210093554,1,24.0,141.0
128,0,0.3761997167174074,0.3550673665467034,0.6293009757438621,0.5070916855373806,0.5228234134903298,0,0.3760934388920252,0.3542342557945322,0.6572162837484393,0.5085487942384544,0.5376571255150802,0,137.0,118.0
138,1,0.4106636752304969,0.3988021944375168,0.6407002668348302,0.5326315606457088,0.5410064307544243,1,0.380402106708917,0.3655486073856852,0.6408954329989236,0.5399368525717276,0.5459084177749263,1,10.0,63.0
139,1,0.3882038464837247,0.3675493483657317,0.6355215082514282,0.5323032169522769,0.5423155506330798,1,0.3768574323936061,0.353059099465056,0.6430178428711844,0.5223670615456217,0.5502018946038137,1,49.0,109.0
156,1,0.3870474097833596,0.3753938331951159,0.6430448730659465,0.4897732540703717,0.5146521050679573,1,0.3746124639067361,0.3572017942208317,0.6417104079748789,0.4876054028807506,0.5190994502382261,1,55.0,134.0
158,1,0.3866112835268533,0.3675411138156779,0.602423059474804,0.5257116186323482,0.5308374197172436,1,0.3734260675513466,0.3535963681743077,0.600861977942769,0.5326997031071725,0.5409926107910242,1,60.0,147.0
168,0,0.3832860920823989,0.3675183209432022,0.6417971813340558,0.4958456636611267,0.5271317476187382,0,0.3829768485265362,0.3638654425891136,0.6585261991645766,0.5177160861118273,0.5452432010030234,0,82.0,45.0
170,0,0.3709822000970737,0.3565755853561853,0.6320665288496963,0.4881546838459605,0.505037697244665,0,0.3696099197853442,0.3529131326377164,0.6501109715591895,0.5213060833214805,0.5281896001483104,0,169.0,168.0
174,0,0.3842389479323168,0.3658682080196376,0.6408191610932974,0.5135367715432078,0.5306397690547299,0,0.3872422979011906,0.368373960246264,0.6539612534171422,0.5090699463367434,0.544938962397826,0,78.0,24.0
178,0,0.3846739141805035,0.3709336352345183,0.5958218927448865,0.5251394311540737,0.5307920669283944,0,0.386116550786522,0.3700910465520429,0.6757857853611439,0.522887556299269,0.5539114578048383,0,74.0,27.0
182,1,0.3989967478282218,0.3812350096679014,0.6414481322623687,0.5055075305755103,0.5267346822397619,1,0.3797150496567173,0.3611996174182474,0.655040253916694,0.5144668791927632,0.5272744878056563,1,16.0,77.0
184,0,0.3747503292971156,0.3552905256935783,0.5651816459291011,0.5118463319706477,0.5169599387040739,0,0.3723416399754795,0.3517087305060696,0.6069977359682637,0.5405265536603201,0.5407880140998444,0,152.0,154.0
208,0,0.3808916288885084,0.3644025408435594,0.626168370918301,0.5200291051452769,0.5286231647498864,0,0.3791618490677998,0.3593770242572685,0.6339854419728519,0.5342935113746505,0.5548522859528521,0,100.0,83.0
213,0,0.3822817100902817,0.3649798038023769,0.6101527226958495,0.5054779128056109,0.523676628699494,0,0.3813526388175209,0.359696444345319,0.6299866728173215,0.5106769966147404,0.5448947710091043,0,91.0,61.0
215,1,0.3923926075212351,0.3761458254796558,0.641663305257741,0.5102474555188632,0.528995182626075,1,0.3798885194870965,0.3631533679786687,0.6455853643699572,0.5338354283206067,0.5439860907077165,1,31.0,74.0
220,1,0.3846698163065282,0.3661442623862846,0.6310319663894771,0.5160549137192625,0.5350278735583719,1,0.3725827033413498,0.3523126224246343,0.6397130021918183,0.5129228223539805,0.5454204610189327,1,75.0,153.0
231,0,0.3859686729800917,0.3701237923241843,0.6081239840441066,0.4868973946520653,0.520795834352369,0,0.3853656669704625,0.361840169946688,0.6338036560441731,0.5290287522479399,0.545999614514192,0,65.0,33.0
244,0,0.3803185735324105,0.3713296079938254,0.6351106323798521,0.4792734064894575,0.508390485331864,0,0.3791358440263937,0.3653381501602957,0.6522701625170951,0.5033936715532018,0.5309783472453365,0,108.0,84.0
247,0,0.3909564878058895,0.3752358822099118,0.5967740471088291,0.5168974468491468,0.5193055469410015,0,0.3958928256915285,0.373165932743243,0.6371122882730392,0.5148821417416748,0.5472890630894618,0,36.0,7.0
265,0,0.3783743843302068,0.3639197186584377,0.6428529979763173,0.4905353317588763,0.5141644938222426,0,0.380062443072203,0.3624733193693226,0.6542376469206267,0.5112246961091207,0.5325283472151011,0,123.0,71.0
280,0,0.379156409618199,0.3589215030689741,0.6315615861963741,0.5153050063691048,0.5328819826543412,0,0.3800819979953522,0.3575531808723646,0.6410303414822236,0.5231117672197637,0.5556871432967221,0,113.0,69.0
290,1,0.4146730259980877,0.4069276386400934,0.6495661266738,0.5194572363325505,0.5350374627278064,1,0.3853390981178269,0.3713884077617202,0.6470693253357918,0.5140857170434757,0.5249584131945576,1,7.0,34.0
292,0,0.3777436500525321,0.3607130917088943,0.5709944552236825,0.5188560342849472,0.5152237691782015,0,0.3766222097731366,0.3562563340159082,0.6330525915456565,0.5405765907057086,0.5371459962115774,0,126.0,111.0
296,0,0.3776902377118208,0.3613993595218094,0.6471124267098719,0.5022259881922131,0.5241876207984609,0,0.3773787512059317,0.3597178772680237,0.6537064268800151,0.5145051545266183,0.5383489869569271,0,129.0,105.0
298,0,0.3699953780332816,0.3589997334790301,0.6302044740880582,0.4872773570376058,0.5042292189821507,0,0.366832304315677,0.3532659957526958,0.6529178129061448,0.5073851545176536,0.522835684367207,0,172.0,172.0
299,0,0.3890503959618519,0.3769763007531505,0.6348000751435317,0.4983027242004259,0.51794930571615,0,0.3899048732306653,0.3729130016272519,0.6424626820035276,0.522231048894052,0.5410722160404844,0,44.0,15.0
308,0,0.3787329974096048,0.3565216461844784,0.5782671259763846,0.5127954551584709,0.5203038311944149,0,0.3784271403887547,0.3552556014887887,0.612274887289315,0.5382980121866797,0.5450051466717007,0,117.0,90.0
319,1,0.3941727072791787,0.3762458313143791,0.6361710554868077,0.5172681058167876,0.5308801406782676,1,0.3783081289108051,0.359628347888389,0.6490557745513754,0.4961145839674093,0.5321279697693463,1,27.0,92.0
327,0,0.3741207177940526,0.354144061369651,0.6472499502389363,0.5169598789249726,0.5333762431298668,0,0.373473936956635,0.3529074284127546,0.6741982221235635,0.5239189973333385,0.5560122750819182,0,156.0,146.0
328,0,0.4023236823184542,0.3857897694200473,0.5978308222383235,0.512922572235091,0.5256633759977579,0,0.3952914947916958,0.3729214464024591,0.6473207973530164,0.5206498289423693,0.5432011512790181,0,13.0,8.0
331,0,0.3826124521431933,0.3642993526691437,0.5839289599357057,0.5264071004738873,0.5306565532286351,0,0.3827075420476701,0.3624771493038029,0.6556995916504577,0.5322921484299522,0.5470300057240801,0,89.0,49.0
333,0,0.3768154874049815,0.3576964739188119,0.5879136832518601,0.5129151230788951,0.525343677332511,0,0.3760275266736401,0.355638808428421,0.6140357616373011,0.5431207331483485,0.5450582675450867,0,133.0,119.0
336,0,0.3827707739618576,0.3622513631552623,0.6488463220303948,0.4918607407737169,0.5221311414547339,0,0.3849126113293591,0.3607535785384567,0.6628935804486441,0.5269280377089087,0.5453939489889362,0,87.0,37.0
344,1,0.3952815722457206,0.3776813082487162,0.6302027949128812,0.5174534951414175,0.5330080475490216,1,0.3802029780291984,0.3564311024072482,0.644241146327432,0.5010414414814646,0.5360491207733824,1,23.0,67.0
351,0,0.3772505114167152,0.3586391465021308,0.6348355942585823,0.5255441975473922,0.5283155945159463,0,0.3777826921341216,0.3571256798325331,0.6511959557969093,0.5489725086342105,0.5474067102130459,0,131.0,99.0
352,0,0.3715999277395165,0.3565908809064397,0.6256972334913145,0.48678275292854,0.5080669917282092,0,0.3699626062557083,0.3532110577460721,0.6462972508049114,0.5155810868655777,0.5238528294231162,0,167.0,166.0
376,0,0.3871871703274848,0.3719831982677843,0.6115512976100577,0.5146453328078909,0.5324215166290519,0,0.3856126575816326,0.368977576929195,0.603477525130485,0.5553077097659632,0.5513065690233779,0,54.0,31.0
380,0,0.3945799113873514,0.3833246253140813,0.6331267992633445,0.4964048218560706,0.5267433584241503,0,0.3916242867681141,0.3719012539216871,0.6556657940698714,0.5181738970052303,0.5495142393098201,0,26.0,12.0
388,0,0.3752646799437454,0.3547504549571526,0.6302214124116259,0.5063164793865069,0.5161650276920874,0,0.3765257669715754,0.3535038538321495,0.6417178699593546,0.5070124570724354,0.5352416575228177,0,148.0,113.0
390,1,0.387993187394843,0.3745604467356066,0.63651640515951,0.4866284095754631,0.5270623597379865,1,0.3755982358812154,0.3577251440273925,0.633185909895452,0.5238146904581098,0.5340926666642547,1,50.0,123.0
398,0,0.3849689126314889,0.3692382221275376,0.6458672333457943,0.4956319747560034,0.5211301485263949,0,0.3853095828806602,0.3642372496667885,0.6547001991716664,0.5295587002720396,0.5513423249281127,0,73.0,35.0
413,0,0.38549010666021,0.3698394480405236,0.6349387871166479,0.5114791871174821,0.526159330991113,0,0.3879021671116633,0.3678391631745284,0.655614491556352,0.5181914186526863,0.5449861500111115,0,69.0,21.0
420,0,0.3746118511912877,0.3601710037449204,0.5776531694779138,0.5212614195393684,0.5171790622032596,0,0.371673781735612,0.352038309036814,0.6212676267509616,0.5315007951311476,0.541640986017493,0,154.0,159.0
423,0,0.3948180623267645,0.3805166780369898,0.6271392347808684,0.5301082112389097,0.5429792524111895,0,0.3976506607155741,0.3792590118211308,0.6400197632424163,0.5497246277344064,0.5590050140547584,0,25.0,6.0
424,0,0.3734829840291072,0.3563896471420488,0.6423873037024822,0.4929083128482243,0.5174317559772832,0,0.3726792076601982,0.3532732504291226,0.6462906896150135,0.5462434394973538,0.5393434303793309,0,160.0,152.0
427,0,0.3754650968505987,0.3659600251665394,0.6217030731559705,0.4855516546860702,0.5104585523141468,0,0.3764308830467893,0.3628535862398342,0.6363720748787473,0.5276176484553388,0.5339526338053487,0,145.0,114.0
428,0,0.3725794879027124,0.3598964773602399,0.6349957414567712,0.4800936042397082,0.5063327317371438,0,0.369387902572408,0.3535905877741836,0.6576415768349592,0.5083526602948548,0.5252273406066924,0,166.0,169.0
429,0,0.3797009566855035,0.366082206003873,0.6077915743214469,0.5303483197551067,0.5264717051432266,0,0.3792259579076549,0.3608129485146749,0.6367857907976285,0.5605534070616037,0.5531625258744096,0,110.0,82.0
432,0,0.3876066036259059,0.3721827284246541,0.600476866354446,0.5229824347532519,0.5332512146374886,0,0.3893146130122086,0.3706691050203601,0.635969367295841,0.5512254299316045,0.5602919250717444,0,53.0,16.0
435,0,0.3962620350457352,0.3787380106874416,0.6470504576496454,0.4973592117644997,0.5217124255546669,0,0.3919506493899038,0.3687566135520732,0.6634336172323025,0.5157261467551859,0.5364156025347031,0,22.0,11.0
445,0,0.3819811800316837,0.3659965682323238,0.5833460490114932,0.5276344003004817,0.5176230301751513,0,0.3834199886440096,0.3654327841616426,0.6159583250174524,0.5486926785419969,0.5385021230935945,0,95.0,43.0
447,0,0.385780155574614,0.3671634678348412,0.5809154780176422,0.531969372875419,0.5334876313299559,0,0.3885634877177222,0.3656473838452664,0.6421931820995772,0.5618045259938481,0.5623740290292824,0,66.0,19.0
477,0,0.3740221346691312,0.3611923548604359,0.6276584842285288,0.5071796424558587,0.5115137738006402,0,0.3711229750317141,0.354579508203252,0.6366394517498117,0.5235504090681437,0.5311130454813071,0,158.0,162.0
479,1,0.3862078981021083,0.3724929934563599,0.6323969486700695,0.4990149896401374,0.5177516409636463,1,0.3748448386178108,0.356358337422298,0.6449697229755933,0.5048929938594999,0.5319035312582372,1,63.0,132.0
481,1,0.3975472888571795,0.3880581139313062,0.6337894115971381,0.5026405921470531,0.5199336184801744,1,0.3792837173753433,0.3687939233941887,0.6459784522364338,0.5005303293873551,0.5257337604797685,1,19.0,81.0
493,0,0.3820396011664913,0.3628433673324176,0.6013164285578624,0.5036845226338689,0.5202027541846973,0,0.3837263638884567,0.3619530481028102,0.627431520462342,0.5322952861640388,0.5453952211173297,0,94.0,42.0
506,0,0.3776903309356213,0.3571413066110234,0.6314498580668846,0.5076082317722014,0.5260644894372281,0,0.3768693107389051,0.3556634140571328,0.6409402488608507,0.5017376299967663,0.5396599608807692,0,128.0,108.0
519,0,0.3829510259349363,0.3627595721221845,0.63189704707546,0.5046590088691133,0.5215146848319344,0,0.3827535744869424,0.3599465508236282,0.6589143091470347,0.5190250632089488,0.5434290915753451,0,84.0,48.0
522,0,0.3838599863159351,0.361555963349682,0.6541239475462575,0.532834787540418,0.5486895407132538,0,0.3839312921752268,0.3599186130261919,0.6714537153825847,0.5460512753947816,0.5620413708659636,0,80.0,41.0
523,0,0.3806380838986846,0.3621896054985715,0.6488875022010071,0.5227829542388553,0.5261455188637899,0,0.381940836019079,0.3614755321012293,0.6578115955857095,0.5295378338136933,0.54365899076347,0,103.0,56.0
526,0,0.3857110939483227,0.3678167815813067,0.6397903815071281,0.5196955302136753,0.5392324893149212,0,0.3875654470395318,0.3685395002357902,0.6553364989827762,0.5314189369093864,0.5566426757649078,0,68.0,22.0
528,0,0.3691003905529643,0.3552662197221364,0.6247064851242502,0.4699972251011377,0.5018413633382154,0,0.3653230452441847,0.348579070942449,0.6473158770162744,0.501329763203965,0.51857444436178,0,173.0,173.0
533,0,0.3800784312746797,0.3600959005427964,0.6308317321894625,0.5174124525608025,0.5282153102114261,0,0.3799920364786643,0.3586079928967158,0.6468642058576197,0.5230320365599143,0.5514032703585884,0,109.0,72.0
538,0,0.3777172489428819,0.3619762050350875,0.5928414747675678,0.5146300613719945,0.5162143778938124,0,0.3777123956496797,0.3591483882205851,0.63195084487448,0.5388320775357609,0.5462280726521193,0,127.0,101.0
545,0,0.3793735849319991,0.3704425031730328,0.6293079155102428,0.4848122584758526,0.5095426970347533,0,0.3785923368428573,0.3659194420093925,0.6470361544928966,0.5180294959383125,0.5246894626324917,0,112.0,88.0
548,0,0.3784384008333349,0.3613312918540183,0.6293837148266948,0.5217063541677583,0.5305938725424941,0,0.3768197498946898,0.3585673147645709,0.6426037243211218,0.521143543427558,0.5457184536745968,0,121.0,110.0
554,0,0.3785376720893555,0.3596330489153709,0.6171820317459097,0.5310041474936018,0.5287119788267225,0,0.3777265810898644,0.35817696853472,0.6330185267218437,0.5560652340385268,0.5511507909057782,0,118.0,100.0
570,0,0.3864103197842017,0.3742513403316176,0.6318147140516078,0.5322178111173147,0.5291285248353156,0,0.3886786764189125,0.3707790938538863,0.6410411135232948,0.5549775060181054,0.5569905636307595,0,62.0,17.0
582,1,0.3984172164024848,0.3801940612926118,0.6408767649618603,0.5264700235796378,0.5442045329391201,1,0.3831144506700776,0.3653073623991968,0.6501274740579898,0.5133823593894598,0.5500728801397256,1,17.0,44.0
585,1,0.4262579186366286,0.4112372072427371,0.6711007044562716,0.5501264826040124,0.5588298240849158,1,0.3842670526973629,0.3665511025206927,0.6604552686811407,0.5310636402313427,0.5479809524145473,1,5.0,39.0
587,0,0.3787557727904683,0.365538487930111,0.6075130369032068,0.4940166404216301,0.5215314815317817,0,0.3795452495955718,0.3625581085550509,0.6279452967249478,0.5480572890176083,0.5467612097086971,0,115.0,78.0
588,0,0.3803479562338805,0.3605696286286827,0.6292609192668389,0.5171274630198757,0.522421386967556,0,0.3782191714231125,0.3566021477320149,0.6314845247746445,0.5424316997491785,0.5393153653072521,0,107.0,93.0
590,0,0.3731627519760109,0.3591461459077947,0.6300381722017239,0.4783887462505609,0.5034758227414412,0,0.3716990196535509,0.3548249680150648,0.651078797322431,0.4911108483062234,0.5250711185936969,0,162.0,158.0
593,1,0.3867424698625472,0.3708233786177185,0.6397540080984561,0.5002900494997591,0.525075096619593,1,0.3716129003133812,0.3520965647442866,0.6453344151741003,0.5109317827982008,0.5334536050913231,1,59.0,160.0
594,0,0.3753985441249475,0.3585405717220303,0.6232854477614344,0.4873148221549797,0.5112573116202902,0,0.3759742785991006,0.3543530875785329,0.6318774839570972,0.5120502157726117,0.5324660418374447,0,146.0,120.0
596,0,0.3767613267744644,0.3638470441970099,0.6264141382013507,0.484427651577191,0.5061255005722548,0,0.3761031817087064,0.3568696055229777,0.6492013171871704,0.508634673624471,0.5254638118751415,0,134.0,117.0
605,1,0.3876702898344315,0.3668960557996138,0.6174926302165296,0.5143173125608969,0.5385829603290485,1,0.3762524234916582,0.3545022424569755,0.6294108106959043,0.5399225090298436,0.5539458491369004,1,52.0,115.0
629,0,0.3783867958585821,0.363049405159214,0.5884639507429924,0.521137751704278,0.5214781304117481,0,0.3780140076117108,0.3583086845246062,0.6488696557075672,0.5330888529461042,0.5444877937034893,0,122.0,96.0
630,0,0.3940750386882186,0.3766436809347996,0.6498915572088254,0.5306618293758103,0.541489255492322,0,0.3925211435998276,0.372527185625594,0.6573058541847228,0.5316687182581321,0.5612367178486328,0,28.0,10.0
654,0,0.3761045669927556,0.3574908812796761,0.5826177610435438,0.5293153891006535,0.5218722208971489,0,0.3762321222397073,0.3558483083512423,0.625487804794274,0.555174048638503,0.5453567915017732,0,138.0,116.0
660,0,0.3877456194218245,0.3729079118507032,0.6431290660525766,0.4963105931784848,0.5249634347956169,0,0.3797784486354529,0.3617227182485725,0.6548805404685685,0.5178384970909228,0.5327034487846362,0,51.0,76.0
661,1,0.3865208615473412,0.37354828500233,0.6383688811483782,0.4955403095467505,0.516232728216526,1,0.3758931946652491,0.3590831853144113,0.6468322796830835,0.4982749578666265,0.5255530209391297,1,61.0,121.0
665,1,0.420874168598377,0.4062982447857198,0.653830485775594,0.5069098008942271,0.5410827009612387,1,0.3798916950042731,0.3645526534303214,0.6470606170002462,0.495040446545098,0.5245999719429751,1,6.0,73.0
667,0,0.3822825251005404,0.3625264115336537,0.6267082841085276,0.5077785640208208,0.5281326725436806,0,0.3860082829185553,0.358385511414873,0.64510782326311,0.5567681131864053,0.5540801983483111,0,90.0,28.0
678,1,0.3854637524332697,0.3725885870411732,0.6323633177999844,0.4761607715872087,0.5084134468802278,1,0.3704910812221524,0.3567907781450877,0.6399361795122029,0.5059761725164981,0.5181589338114604,1,70.0,164.0
688,1,0.3921788460040289,0.3748011761910251,0.6024915199411608,0.5405797771560698,0.5416697829397322,1,0.3815506084728675,0.3599784938357536,0.6343822483596155,0.5419636332424151,0.5530561350838435,1,32.0,59.0
689,1,0.4109315456708551,0.4010677705221394,0.6394553864952847,0.5067134310465212,0.5328227312228455,1,0.3801583770604048,0.3683561191214284,0.650644622261631,0.5058069094426921,0.527423680240572,1,9.0,68.0
690,0,0.3804270410620876,0.3682801626424478,0.6315217777137528,0.4793905780751287,0.5146585778243185,0,0.3812009272953629,0.362908044140997,0.6502951012180397,0.51620745463845,0.54026305010238,0,106.0,62.0
706,1,0.3994138059250489,0.3801807749115904,0.6409380117212192,0.5284108642220461,0.5427453156681623,1,0.3875430015822704,0.367552510208379,0.6418934277552882,0.5259294205076325,0.5543861497282293,1,15.0,23.0
708,1,0.3971897752131683,0.3776996565990551,0.6404188878324303,0.5383886088138331,0.5443067706479726,1,0.3816986877689915,0.3623844335948026,0.6534635664177308,0.5310160474789447,0.5524391341211072,1,20.0,58.0
715,0,0.3808250741738956,0.3625413125218798,0.6333950268882451,0.5136060330311556,0.5339110817244208,0,0.3823844654429349,0.3620640500237539,0.6498753033715806,0.5345607435578307,0.5534724479140896,0,101.0,53.0
731,1,0.3861488220237306,0.3673112339322834,0.5786412210877202,0.5344597882484131,0.5388433561472332,1,0.3728186029291965,0.3509974599771347,0.6307612537132888,0.5539792066118797,0.5528688510776211,1,64.0,149.0
736,1,0.3868224936011127,0.368405828759462,0.6380201630891076,0.4974175240370454,0.5237601761192325,1,0.3738062483958418,0.3535195159533051,0.6360881852776158,0.5261505878712169,0.5315120528123477,1,58.0,143.0
740,0,0.371123704701746,0.3589531284000922,0.6244473583167046,0.4821159820428516,0.502042628975273,0,0.3679691910410882,0.3544132544880746,0.6457800746158604,0.5014964120461245,0.5205039512774341,0,168.0,170.0
752,0,0.3730455891572283,0.3615238007707769,0.6312542947268855,0.478788691334892,0.502733903710821,0,0.3702975712246483,0.3556831529919307,0.6470967487354703,0.5051388918306406,0.5243893528318977,0,163.0,165.0
753,0,0.3815649360249485,0.3602728604288083,0.6342364761130954,0.5072878241611734,0.5249331115537409,0,0.3829182347521945,0.356277448860355,0.6532596856297778,0.5145215431314057,0.5455416232712774,0,96.0,46.0
754,1,0.3844817855088695,0.3708307880184346,0.6391549309816845,0.4810073460336048,0.5104659124720015,1,0.3741374024075728,0.3555326872031014,0.6486171658055032,0.5122299963760549,0.5248205906348961,1,77.0,138.0
757,1,0.3842357445437743,0.3693467736241324,0.6354968120453907,0.5062740946571878,0.5300334914871324,1,0.3743956666250093,0.3569532870288341,0.6436611863432018,0.5334628252372293,0.5372278783376591,1,79.0,136.0
761,0,0.3758307730452976,0.3649547123685537,0.6362007122707364,0.4735529785038588,0.5094112250636846,0,0.3738238686607497,0.3590618200983155,0.6486235897724757,0.4937724199556777,0.5267908789018872,0,141.0,142.0
762,0,0.3758376440637544,0.3576510831062877,0.617887992760907,0.5158463302245382,0.5241098815194587,0,0.3753788001707798,0.3554944835786677,0.6441560864252345,0.5019462192686343,0.5404716227870655,0,140.0,126.0
781,0,0.3853106688946056,0.372822096941017,0.6310749328301968,0.4900391300068118,0.519417962344973,0,0.3856864605210456,0.367227733524193,0.6500328706626743,0.5092181378617694,0.53717485761517,0,71.0,30.0
785,1,0.3903147062692796,0.3719265830623922,0.5964294962247303,0.523475034250009,0.5266563368118933,1,0.3800797128032187,0.357272160570364,0.5994590364900452,0.5412726717865648,0.5413600456907818,1,37.0,70.0
788,0,0.3767387002134129,0.3571010299755821,0.6339765047024998,0.5013107804249767,0.5187966196757048,0,0.376617336110313,0.3565110674996862,0.657812713459229,0.509440770415697,0.5365938491725163,0,135.0,112.0
799,1,0.4402782692037092,0.416122876653196,0.6397928421943913,0.5626235232410322,0.5763813713194853,1,0.3990515377020294,0.3736607063458432,0.6352361552937511,0.5605535019523988,0.5629102296940254,1,3.0,3.0
813,1,0.3890065535660314,0.3693614100637328,0.6375066877866166,0.5221510232508627,0.5389881671493028,1,0.3745764615014893,0.3542179100575732,0.6602108845433062,0.5010396352336807,0.5456031828473623,1,45.0,135.0
814,0,0.3783075202718443,0.3660570360678087,0.6283249119463694,0.4895086083452438,0.5101376704828072,0,0.377807738172357,0.3597817454559218,0.6429243038637366,0.5201252920119633,0.5330525867943855,0,125.0,98.0
822,1,0.3901503862722639,0.3700453691500095,0.6249748547159064,0.5105880215618412,0.5362982263108234,1,0.3739826242749929,0.3540542812738456,0.6417652047789704,0.4967126151122839,0.5412929428744122,1,38.0,140.0
841,0,0.4044637846059837,0.3851562800545661,0.6442257841258536,0.5400203447686581,0.5435953154780723,0,0.3989269880016193,0.3753664231880772,0.6585023282727558,0.5460149994213912,0.5579895514624739,0,11.0,4.0
848,1,0.3886473318701048,0.3796013796935842,0.6428156652270213,0.4838926874462177,0.5166907846016983,1,0.3802303189544164,0.3673621148456867,0.6641814369464379,0.5214201545503219,0.5314378967576935,1,46.0,65.0
852,0,0.3740344503307334,0.3559718585143847,0.586143091304238,0.5019857894904005,0.5148717069294303,0,0.372158361889359,0.3526082508707761,0.6288492096987816,0.5076864004716042,0.5343386276529326,0,157.0,157.0
858,0,0.372696997478176,0.3582054189682446,0.6340578869129995,0.4682313518827591,0.5055829755030662,0,0.3712623619886266,0.3522722357254364,0.6500608495322627,0.5223879538756874,0.5268398378686979,0,164.0,161.0
859,1,0.3893446296825342,0.3695007196582464,0.6380291258300839,0.5240079873582052,0.5397135231304246,1,0.377968170578045,0.3532424916761961,0.6491799627549292,0.512851824496846,0.5506492665890398,1,42.0,97.0
867,1,0.3886041273381029,0.369956904117495,0.6009928083958899,0.5330419862592346,0.5351579362993185,1,0.3780494801758792,0.3594107367894233,0.6365143390462938,0.528699686605328,0.5459060532936205,1,47.0,95.0
875,0,0.3726586447496975,0.3600186522790047,0.6252698733489235,0.4675822199000861,0.502072931787452,0,0.3708246602853342,0.3545869912635093,0.6483750998053922,0.5054005164658959,0.522547381245333,0,165.0,163.0
876,0,0.3746583383253275,0.3552472059331801,0.6335620713717519,0.5029191100454657,0.5246893621643038,0,0.3722844253448573,0.3534430319929544,0.6509173711426414,0.5085924318431367,0.5395675476851433,0,153.0,156.0
887,1,0.4018886140718619,0.3914067508985243,0.6439875948193325,0.5045434764288684,0.5309712238789805,1,0.3949743775570268,0.3844048118066445,0.6523668592057732,0.5375921108921619,0.5480825773429324,1,14.0,9.0
890,0,0.37515965728437,0.3582669201199783,0.6273966814136742,0.5140592278612857,0.518596044714391,0,0.3727009106339065,0.3537356305283751,0.6315535087589341,0.5389708314478131,0.543222585274073,0,149.0,151.0
894,0,0.3814589248819991,0.3741087032210561,0.6335064720356016,0.4777094402734581,0.5083264549934389,0,0.3825119112508568,0.3663832606199733,0.6530223312561673,0.5071341127514083,0.5315439435806432,0,97.0,52.0
908,1,0.3913748722207164,0.3740544311886276,0.6011317453101336,0.5209528672617738,0.5354420652773025,1,0.3750503570244589,0.3548515512705108,0.6220522934124462,0.5293150556207331,0.5460142420042534,1,35.0,130.0
922,1,0.4552673916460783,0.4426758149534587,0.6628095992220643,0.5516699745937292,0.5702558246659712,1,0.4055435089564043,0.3904502249736428,0.6558127953178319,0.5329998590294431,0.5415894713507797,1,1.0,2.0
928,1,0.3869693400924678,0.372313271995626,0.6364526416505099,0.4916495263921779,0.5189942751528264,1,0.3734974958558961,0.3581063957295988,0.6430384908402528,0.5098475108481721,0.528373174835163,1,56.0,145.0
932,0,0.3749465023523424,0.3601182943343714,0.629703520639171,0.4724170340290963,0.503768229061475,0,0.3735630058266161,0.3526803757584658,0.6471024525266502,0.5059536290349874,0.5249066545025941,0,150.0,144.0
942,0,0.3852079060258859,0.3678810585732923,0.613351236119534,0.500389861867305,0.5279007938634787,0,0.3840858397554176,0.3651693251955956,0.6339858866560284,0.55133851487416,0.5525985878152955,0,72.0,40.0
944,1,0.4131812320841821,0.3939506969279607,0.6379033381455624,0.53559479837607,0.5450656844956092,1,0.3864982607193276,0.3642786732052437,0.6417980386766812,0.5172354182877275,0.5436260569825906,1,8.0,26.0
945,1,0.396569630420768,0.3796523816830169,0.6234200180547051,0.5373087772370128,0.5378411565221997,1,0.3756207216959071,0.3577144591069652,0.616150337722154,0.5329192945108504,0.5378301705844554,1,21.0,122.0
952,0,0.3758217518053225,0.3659682552917038,0.6245503074637454,0.4791557979976209,0.5100605960796768,0,0.3750647373809401,0.3601056893410416,0.6304770604021684,0.5183155368788609,0.5322735003214235,0,142.0,129.0
958,0,0.3894611964693774,0.3682774488483424,0.6006996281916923,0.5258709765850168,0.5332249115397594,0,0.3855022947645209,0.3641211146491904,0.6678655940107816,0.5349833142759627,0.5521985757130676,0,41.0,32.0
966,0,0.3706283736216183,0.3580135809611507,0.6281256502089425,0.469125937466333,0.4999599602445419,0,0.3675770137615152,0.3533808566953035,0.6434448097258265,0.5033312235975403,0.5168826724979267,0,170.0,171.0
967,1,0.4472852197311791,0.4339435695328596,0.6614982781077317,0.536024500631113,0.5653613802013778,1,0.3977916097733395,0.3813322637244472,0.6556944594530228,0.535698699625945,0.5473293034652259,1,2.0,5.0
968,0,0.3916009762848574,0.3741895403035993,0.6274507647922224,0.495064750751148,0.5186230575202017,0,0.3851926785870486,0.3660090614300838,0.6406244090293585,0.5132926876218844,0.5379125088163931,0,33.0,36.0
976,0,0.3787365130038769,0.3609649614953477,0.6322771657227017,0.5301214717834851,0.5275488291268683,0,0.3783607566226472,0.3606315497519077,0.6465758572123567,0.522767590845247,0.547920803104812,0,116.0,91.0
981,0,0.3760311947525001,0.3579181041650182,0.6304419448759431,0.529865950848777,0.5300036490119256,0,0.3754073437658043,0.355460090057437,0.6485646402675808,0.5324240567936559,0.5490041960465661,0,139.0,125.0
1010,0,0.3826743882547994,0.3645011513267934,0.6039477104340452,0.5255744541488124,0.5339860253143048,0,0.381474804464928,0.3609885278139926,0.6152541828455022,0.5557030053418016,0.553049921163183,0,88.0,60.0
1013,0,0.3827932815091345,0.3666766945173844,0.6151037973253217,0.5314221452283288,0.5354793667988301,0,0.382644730657222,0.3651202247022161,0.62098372748442,0.5461893290385821,0.5590592431671447,0,86.0,50.0
1014,1,0.3926920585086231,0.3744700851591739,0.6384812543344075,0.5282682652936452,0.5285415485429736,1,0.3857851572565512,0.3664037067807056,0.6539192887256123,0.5274508587704398,0.537990213225204,1,29.0,29.0
1015,0,0.3805130138936532,0.3610837704454136,0.6319074115696051,0.518899934107656,0.5287584973518071,0,0.3819901060415099,0.3597130426980967,0.6544652495186332,0.5061554646012631,0.5426591036534935,0,104.0,55.0
1019,1,0.4308205476367441,0.4218421527370773,0.6678638325970546,0.5140049848462732,0.5535055850345115,1,0.4099396236206387,0.3933598903387918,0.6895043134538619,0.538018910770821,0.5543342711013973,1,4.0,1.0
1024,0,0.378446891366493,0.3576602884979623,0.6334166147200088,0.5133514213510675,0.5174157625348462,0,0.3785500303489369,0.3575567599198586,0.6480311553151317,0.5058060853797026,0.5334535283731389,0,120.0,89.0
1029,1,0.3924526243302556,0.375808859016903,0.638557258711289,0.5036099507900553,0.5351216812250108,1,0.3774260926950776,0.358226173220449,0.6471941504874837,0.5086660387274669,0.5364704074033626,1,30.0,104.0
1031,0,0.373246072615923,0.3601913086551223,0.6215608242899784,0.473358750598663,0.502367238091711,0,0.3728842372678044,0.3567580364266242,0.6352988757642397,0.5153154373913981,0.5270386030765872,0,161.0,148.0
1034,0,0.3745919484351505,0.3584160131961398,0.6174396840700038,0.4918597999405756,0.509974041594253,0,0.374694064264165,0.3570077268444074,0.6355413187590879,0.5218479093706039,0.5360984403807283,0,155.0,133.0
1035,0,0.3748698777757682,0.3597543421860636,0.6661164659443637,0.4995276795451449,0.5330784043239017,0,0.3754075439886257,0.3550502690432945,0.6765880031940349,0.5474278340319844,0.5615551095924242,0,151.0,124.0
1036,0,0.3766114826262185,0.3646164265057655,0.6460980948830509,0.4760043247331381,0.5076956099356826,0,0.3752773300752389,0.3594880029758855,0.6611428785855166,0.5187580230674513,0.5288813010563022,0,136.0,127.0
1046,1,0.3895801542420127,0.3708282695875972,0.6323611029180694,0.5119813532987223,0.5337803929612599,1,0.3790543149760519,0.3567867452648225,0.6444822724227293,0.5341544693426414,0.5460137183874477,1,40.0,85.0
1050,0,0.3980178391354898,0.3810496485385757,0.6033839550518327,0.5253360142732216,0.542538398590393,0,0.3904387834481995,0.3687910930439781,0.6277313890305387,0.5500520462141323,0.5607528392066486,0,18.0,14.0
1055,0,0.3820486905380526,0.3632011654862578,0.6335688377791147,0.5310402353690299,0.5270950386853505,0,0.3817826117541602,0.3632247765601585,0.6591070899509429,0.5349868548193861,0.5460164553539245,0,93.0,57.0
1087,0,0.3868290561103211,0.3694401952416537,0.6247824113648941,0.5171394106402242,0.5424799752763736,0,0.388273585176788,0.3661166785625582,0.656134393985708,0.555164993959122,0.5681588006529943,0,57.0,20.0
1094,0,0.3828894265076023,0.3680048094184986,0.635184413711926,0.4901083414472555,0.5106325899115426,0,0.3825500926423113,0.3610068273405104,0.6575629895217864,0.5104199152356669,0.5295931367461161,0,85.0,51.0
1112,0,0.3785026746971614,0.3579368123976716,0.6363855163673315,0.5173399186109753,0.5251427331892994,0,0.376909427247995,0.3556518800133889,0.650846143159754,0.5189201763307343,0.5411539258702748,0,119.0,107.0
1114,0,0.3857131643163489,0.3691467051380629,0.6406923769139711,0.5129139149704331,0.5299557070426762,0,0.3886309692528787,0.3689989834666659,0.6487804900510713,0.5182488035101892,0.5526373466912285,0,67.0,18.0
1125,0,0.3795938216321011,0.3697357846122305,0.6340748906173681,0.4966402320271545,0.519382293859904,0,0.3786636413815324,0.3632049277707614,0.6477166994665907,0.5417703690062525,0.5402846973527887,0,111.0,87.0
1133,0,0.3804318666378406,0.3608844715836036,0.6155222298052646,0.5030090524715409,0.5276450642575516,0,0.3802449657730695,0.3578898914969545,0.6410542399826815,0.5050922009789431,0.5477618427359086,0,105.0,64.0
1134,0,0.37005503052712,0.3518406061536406,0.6277121839617601,0.4778934327014906,0.5070504117341865,0,0.3698938506681169,0.3484554312603797,0.6381225136953199,0.5026528064358216,0.5330960240329674,0,171.0,167.0
1148,0,0.3807591302556665,0.3662704976958439,0.5902196789538502,0.519224135609437,0.5249566237805285,0,0.3775314140460222,0.358457637279568,0.6093907540224377,0.5530203550997457,0.5506534462879759,0,102.0,102.0
1149,0,0.3814263221433832,0.3665493618773894,0.604739371590376,0.511046616577714,0.5277258511488805,0,0.380220527542546,0.3616914820319739,0.6071136599276735,0.5561066701718458,0.5472921049420961,0,98.0,66.0
