feature_name,family
feature_1,level
feature_2,level
feature_3,level
feature_4,level
feature_5,level
feature_6,level
feature_7,level
feature_8,level
feature_9,level
feature_10,level
feature_11,level
feature_12,level
feature_13,level
feature_14,level
feature_15,level
feature_16,level
feature_17,level
feature_18,level
feature_19,level
feature_20,level
feature_1_delta,delta
feature_2_delta,delta
feature_3_delta,delta
feature_4_delta,delta
feature_5_delta,delta
feature_6_delta,delta
feature_7_delta,delta
feature_8_delta,delta
feature_9_delta,delta
feature_10_delta,delta
feature_11_delta,delta
feature_12_delta,delta
feature_13_delta,delta
feature_14_delta,delta
feature_16_delta,delta
feature_17_delta,delta
feature_18_delta,delta
feature_19_delta,delta
feature_20_delta,delta
feature_1_slope,slope
feature_2_slope,slope
feature_3_slope,slope
feature_4_slope,slope
feature_5_slope,slope
feature_6_slope,slope
feature_7_slope,slope
feature_8_slope,slope
feature_9_slope,slope
feature_10_slope,slope
feature_11_slope,slope
feature_12_slope,slope
feature_13_slope,slope
feature_14_slope,slope
feature_16_slope,slope
feature_17_slope,slope
feature_18_slope,slope
feature_19_slope,slope
feature_20_slope,slope
feature_1_rolling_std,variability
feature_2_rolling_std,variability
feature_3_rolling_std,variability
feature_4_rolling_std,variability
feature_5_rolling_std,variability
feature_6_rolling_std,variability
feature_7_rolling_std,variability
feature_8_rolling_std,variability
feature_9_rolling_std,variability
feature_10_rolling_std,variability
feature_11_rolling_std,variability
feature_12_rolling_std,variability
feature_13_rolling_std,variability
feature_14_rolling_std,variability
feature_16_rolling_std,variability
feature_17_rolling_std,variability
feature_18_rolling_std,variability
feature_19_rolling_std,variability
feature_20_rolling_std,variability
feature_1_spike,spike
feature_2_spike,spike
feature_3_spike,spike
feature_4_spike,spike
feature_5_spike,spike
feature_6_spike,spike
feature_7_spike,spike
feature_8_spike,spike
feature_9_spike,spike
feature_10_spike,spike
feature_11_spike,spike
feature_12_spike,spike
feature_13_spike,spike
feature_14_spike,spike
feature_16_spike,spike
feature_17_spike,spike
feature_18_spike,spike
feature_19_spike,spike
feature_20_spike,spike
feature_1_acceleration,acceleration
feature_2_acceleration,acceleration
feature_3_acceleration,acceleration
feature_4_acceleration,acceleration
feature_5_acceleration,acceleration
feature_6_acceleration,acceleration
feature_7_acceleration,acceleration
feature_8_acceleration,acceleration
feature_9_acceleration,acceleration
feature_10_acceleration,acceleration
feature_11_acceleration,acceleration
feature_12_acceleration,acceleration
feature_13_acceleration,acceleration
feature_14_acceleration,acceleration
feature_16_acceleration,acceleration
feature_17_acceleration,acceleration
feature_18_acceleration,acceleration
feature_19_acceleration,acceleration
feature_20_acceleration,acceleration
feature_1_stabilization,stabilization
feature_2_stabilization,stabilization
feature_3_stabilization,stabilization
feature_4_stabilization,stabilization
feature_5_stabilization,stabilization
feature_6_stabilization,stabilization
feature_7_stabilization,stabilization
feature_8_stabilization,stabilization
feature_9_stabilization,stabilization
feature_10_stabilization,stabilization
feature_11_stabilization,stabilization
feature_12_stabilization,stabilization
feature_13_stabilization,stabilization
feature_14_stabilization,stabilization
feature_16_stabilization,stabilization
feature_17_stabilization,stabilization
feature_18_stabilization,stabilization
feature_19_stabilization,stabilization
feature_20_stabilization,stabilization
feature_1_trajectory_change,trajectory_change
feature_2_trajectory_change,trajectory_change
feature_3_trajectory_change,trajectory_change
feature_4_trajectory_change,trajectory_change
feature_5_trajectory_change,trajectory_change
feature_6_trajectory_change,trajectory_change
feature_7_trajectory_change,trajectory_change
feature_8_trajectory_change,trajectory_change
feature_9_trajectory_change,trajectory_change
feature_10_trajectory_change,trajectory_change
feature_11_trajectory_change,trajectory_change
feature_12_trajectory_change,trajectory_change
feature_13_trajectory_change,trajectory_change
feature_14_trajectory_change,trajectory_change
feature_16_trajectory_change,trajectory_change
feature_17_trajectory_change,trajectory_change
feature_18_trajectory_change,trajectory_change
feature_19_trajectory_change,trajectory_change
feature_20_trajectory_change,trajectory_change
measurement_mean,measurement_mean
measurement_std,measurement_std
feature_1_peer_deviation,peer_deviation
feature_2_peer_deviation,peer_deviation
feature_3_peer_deviation,peer_deviation
feature_4_peer_deviation,peer_deviation
feature_5_peer_deviation,peer_deviation
feature_6_peer_deviation,peer_deviation
feature_7_peer_deviation,peer_deviation
feature_8_peer_deviation,peer_deviation
feature_9_peer_deviation,peer_deviation
feature_10_peer_deviation,peer_deviation
feature_11_peer_deviation,peer_deviation
feature_12_peer_deviation,peer_deviation
feature_13_peer_deviation,peer_deviation
feature_14_peer_deviation,peer_deviation
feature_15_peer_deviation,peer_deviation
feature_16_peer_deviation,peer_deviation
feature_17_peer_deviation,peer_deviation
feature_18_peer_deviation,peer_deviation
feature_19_peer_deviation,peer_deviation
feature_20_peer_deviation,peer_deviation
