feature,missing_count,missing_percent,infinite_count,unique_values,constant,dataset,split
feature_1,0,0.0,0,44,False,D1,train
feature_2,0,0.0,0,1495,False,D1,train
feature_3,0,0.0,0,1447,False,D1,train
feature_4,0,0.0,0,56,False,D1,train
feature_5,0,0.0,0,1374,False,D1,train
feature_6,0,0.0,0,1529,False,D1,train
feature_7,0,0.0,0,155,False,D1,train
feature_8,0,0.0,0,1477,False,D1,train
feature_9,0,0.0,0,692,False,D1,train
feature_10,0,0.0,0,34,False,D1,train
feature_11,0,0.0,0,90,False,D1,train
feature_12,0,0.0,0,37,False,D1,train
feature_13,0,0.0,0,2251,False,D1,train
feature_14,0,0.0,0,34,False,D1,train
feature_15,0,0.0,0,101,False,D1,train
feature_1_delta,3572,0.8477834686970432,0,204,False,D1,train
feature_2_delta,3572,0.8477834686970432,0,6192,False,D1,train
feature_3_delta,3572,0.8477834686970432,0,6245,False,D1,train
feature_4_delta,3572,0.8477834686970432,0,144,False,D1,train
feature_5_delta,3572,0.8477834686970432,0,7142,False,D1,train
feature_6_delta,3572,0.8477834686970432,0,6403,False,D1,train
feature_7_delta,3572,0.8477834686970432,0,712,False,D1,train
feature_8_delta,3572,0.8477834686970432,0,6388,False,D1,train
feature_9_delta,3572,0.8477834686970432,0,3467,False,D1,train
feature_10_delta,3572,0.8477834686970432,0,154,False,D1,train
feature_11_delta,3572,0.8477834686970432,0,404,False,D1,train
feature_12_delta,3572,0.8477834686970432,0,169,False,D1,train
feature_13_delta,3572,0.8477834686970432,0,10465,False,D1,train
feature_14_delta,3572,0.8477834686970432,0,83,False,D1,train
feature_15_delta,3572,0.8477834686970432,0,431,False,D1,train
feature_1_slope,3572,0.8477834686970432,0,49933,False,D1,train
feature_2_slope,3572,0.8477834686970432,0,184555,False,D1,train
feature_3_slope,3572,0.8477834686970432,0,192482,False,D1,train
feature_4_slope,3572,0.8477834686970432,0,33033,False,D1,train
feature_5_slope,3572,0.8477834686970432,0,169944,False,D1,train
feature_6_slope,3572,0.8477834686970432,0,184873,False,D1,train
feature_7_slope,3572,0.8477834686970432,0,102386,False,D1,train
feature_8_slope,3572,0.8477834686970432,0,195348,False,D1,train
feature_9_slope,3572,0.8477834686970432,0,187942,False,D1,train
feature_10_slope,3572,0.8477834686970432,0,82086,False,D1,train
feature_11_slope,3572,0.8477834686970432,0,39408,False,D1,train
feature_12_slope,3572,0.8477834686970432,0,62609,False,D1,train
feature_13_slope,3572,0.8477834686970432,0,193168,False,D1,train
feature_14_slope,3572,0.8477834686970432,0,30525,False,D1,train
feature_15_slope,3572,0.8477834686970432,0,45061,False,D1,train
feature_1_rolling_std,3572,0.8477834686970432,0,234,False,D1,train
feature_2_rolling_std,3572,0.8477834686970432,0,4543,False,D1,train
feature_3_rolling_std,3572,0.8477834686970432,0,4791,False,D1,train
feature_4_rolling_std,3572,0.8477834686970432,0,222,False,D1,train
feature_5_rolling_std,3572,0.8477834686970432,0,6089,False,D1,train
feature_6_rolling_std,3572,0.8477834686970432,0,4782,False,D1,train
feature_7_rolling_std,3572,0.8477834686970432,0,586,False,D1,train
feature_8_rolling_std,3572,0.8477834686970432,0,4868,False,D1,train
feature_9_rolling_std,3572,0.8477834686970432,0,3181,False,D1,train
feature_10_rolling_std,3572,0.8477834686970432,0,188,False,D1,train
feature_11_rolling_std,3572,0.8477834686970432,0,391,False,D1,train
feature_12_rolling_std,3572,0.8477834686970432,0,198,False,D1,train
feature_13_rolling_std,3572,0.8477834686970432,0,11453,False,D1,train
feature_14_rolling_std,3572,0.8477834686970432,0,120,False,D1,train
feature_15_rolling_std,3572,0.8477834686970432,0,482,False,D1,train
feature_1_spike,3572,0.8477834686970432,0,149,False,D1,train
feature_2_spike,3572,0.8477834686970432,0,3872,False,D1,train
feature_3_spike,3572,0.8477834686970432,0,4026,False,D1,train
feature_4_spike,3572,0.8477834686970432,0,132,False,D1,train
feature_5_spike,3572,0.8477834686970432,0,4683,False,D1,train
feature_6_spike,3572,0.8477834686970432,0,4015,False,D1,train
feature_7_spike,3572,0.8477834686970432,0,433,False,D1,train
feature_8_spike,3572,0.8477834686970432,0,3960,False,D1,train
feature_9_spike,3572,0.8477834686970432,0,2285,False,D1,train
feature_10_spike,3572,0.8477834686970432,0,133,False,D1,train
feature_11_spike,3572,0.8477834686970432,0,294,False,D1,train
feature_12_spike,3572,0.8477834686970432,0,147,False,D1,train
feature_13_spike,3572,0.8477834686970432,0,8431,False,D1,train
feature_14_spike,3572,0.8477834686970432,0,79,False,D1,train
feature_15_spike,3572,0.8477834686970432,0,370,False,D1,train
feature_1_acceleration,7144,1.6955669373940865,0,98527,False,D1,train
feature_2_acceleration,7144,1.6955669373940865,0,367161,False,D1,train
feature_3_acceleration,7144,1.6955669373940865,0,383122,False,D1,train
feature_4_acceleration,7144,1.6955669373940865,0,65282,False,D1,train
feature_5_acceleration,7144,1.6955669373940865,0,335409,False,D1,train
feature_6_acceleration,7144,1.6955669373940865,0,367951,False,D1,train
feature_7_acceleration,7144,1.6955669373940865,0,203177,False,D1,train
feature_8_acceleration,7144,1.6955669373940865,0,388687,False,D1,train
feature_9_acceleration,7144,1.6955669373940865,0,373396,False,D1,train
feature_10_acceleration,7144,1.6955669373940865,0,156924,False,D1,train
feature_11_acceleration,7144,1.6955669373940865,0,78191,False,D1,train
feature_12_acceleration,7144,1.6955669373940865,0,121716,False,D1,train
feature_13_acceleration,7144,1.6955669373940865,0,382870,False,D1,train
feature_14_acceleration,7144,1.6955669373940865,0,60150,False,D1,train
feature_15_acceleration,7144,1.6955669373940865,0,89465,False,D1,train
feature_1_stabilization,7144,1.6955669373940865,0,463,False,D1,train
feature_2_stabilization,7144,1.6955669373940865,0,6798,False,D1,train
feature_3_stabilization,7144,1.6955669373940865,0,5865,False,D1,train
feature_4_stabilization,7144,1.6955669373940865,0,291,False,D1,train
feature_5_stabilization,7144,1.6955669373940865,0,7914,False,D1,train
feature_6_stabilization,7144,1.6955669373940865,0,7189,False,D1,train
feature_7_stabilization,7144,1.6955669373940865,0,940,False,D1,train
feature_8_stabilization,7144,1.6955669373940865,0,7041,False,D1,train
feature_9_stabilization,7144,1.6955669373940865,0,4846,False,D1,train
feature_10_stabilization,7144,1.6955669373940865,0,351,False,D1,train
feature_11_stabilization,7144,1.6955669373940865,0,651,False,D1,train
feature_12_stabilization,7144,1.6955669373940865,0,373,False,D1,train
feature_13_stabilization,7144,1.6955669373940865,0,13588,False,D1,train
feature_14_stabilization,7144,1.6955669373940865,0,121,False,D1,train
feature_15_stabilization,7144,1.6955669373940865,0,1087,False,D1,train
feature_1_trajectory_change,0,0.0,0,44,False,D1,train
feature_2_trajectory_change,0,0.0,0,8081,False,D1,train
feature_3_trajectory_change,0,0.0,0,5938,False,D1,train
feature_4_trajectory_change,0,0.0,0,56,False,D1,train
feature_5_trajectory_change,0,0.0,0,2626,False,D1,train
feature_6_trajectory_change,0,0.0,0,8558,False,D1,train
feature_7_trajectory_change,0,0.0,0,204,False,D1,train
feature_8_trajectory_change,0,0.0,0,8453,False,D1,train
feature_9_trajectory_change,0,0.0,0,1809,False,D1,train
feature_10_trajectory_change,0,0.0,0,64,False,D1,train
feature_11_trajectory_change,0,0.0,0,90,False,D1,train
feature_12_trajectory_change,0,0.0,0,60,False,D1,train
feature_13_trajectory_change,0,0.0,0,6928,False,D1,train
feature_14_trajectory_change,0,0.0,0,34,False,D1,train
feature_15_trajectory_change,0,0.0,0,101,False,D1,train
measurement_mean,0,0.0,0,327588,False,D1,train
measurement_std,0,0.0,0,327594,False,D1,train
feature_1_peer_deviation,0,0.0,0,327589,False,D1,train
feature_2_peer_deviation,0,0.0,0,327593,False,D1,train
feature_3_peer_deviation,0,0.0,0,327593,False,D1,train
feature_4_peer_deviation,0,0.0,0,327587,False,D1,train
feature_5_peer_deviation,0,0.0,0,327593,False,D1,train
feature_6_peer_deviation,0,0.0,0,327594,False,D1,train
feature_7_peer_deviation,0,0.0,0,327589,False,D1,train
feature_8_peer_deviation,0,0.0,0,327591,False,D1,train
feature_9_peer_deviation,0,0.0,0,327593,False,D1,train
feature_10_peer_deviation,0,0.0,0,327592,False,D1,train
feature_11_peer_deviation,0,0.0,0,327590,False,D1,train
feature_12_peer_deviation,0,0.0,0,327591,False,D1,train
feature_13_peer_deviation,0,0.0,0,327591,False,D1,train
feature_14_peer_deviation,0,0.0,0,327590,False,D1,train
feature_15_peer_deviation,0,0.0,0,327590,False,D1,train
feature_1,0,0.0,0,41,False,D1,validation
feature_2,0,0.0,0,1475,False,D1,validation
feature_3,0,0.0,0,1433,False,D1,validation
feature_4,0,0.0,0,48,False,D1,validation
feature_5,0,0.0,0,1126,False,D1,validation
feature_6,0,0.0,0,1504,False,D1,validation
feature_7,0,0.0,0,150,False,D1,validation
feature_8,0,0.0,0,1461,False,D1,validation
feature_9,0,0.0,0,675,False,D1,validation
feature_10,0,0.0,0,32,False,D1,validation
feature_11,0,0.0,0,79,False,D1,validation
feature_12,0,0.0,0,35,False,D1,validation
feature_13,0,0.0,0,2173,False,D1,validation
feature_14,0,0.0,0,35,False,D1,validation
feature_15,0,0.0,0,92,False,D1,validation
feature_1_delta,766,0.8473076412548117,0,178,False,D1,validation
feature_2_delta,766,0.8473076412548117,0,4052,False,D1,validation
feature_3_delta,766,0.8473076412548117,0,3966,False,D1,validation
feature_4_delta,766,0.8473076412548117,0,109,False,D1,validation
feature_5_delta,766,0.8473076412548117,0,3822,False,D1,validation
feature_6_delta,766,0.8473076412548117,0,4197,False,D1,validation
feature_7_delta,766,0.8473076412548117,0,592,False,D1,validation
feature_8_delta,766,0.8473076412548117,0,4131,False,D1,validation
feature_9_delta,766,0.8473076412548117,0,2191,False,D1,validation
feature_10_delta,766,0.8473076412548117,0,129,False,D1,validation
feature_11_delta,766,0.8473076412548117,0,327,False,D1,validation
feature_12_delta,766,0.8473076412548117,0,134,False,D1,validation
feature_13_delta,766,0.8473076412548117,0,5531,False,D1,validation
feature_14_delta,766,0.8473076412548117,0,74,False,D1,validation
feature_15_delta,766,0.8473076412548117,0,351,False,D1,validation
feature_1_slope,766,0.8473076412548117,0,10870,False,D1,validation
feature_2_slope,766,0.8473076412548117,0,39649,False,D1,validation
feature_3_slope,766,0.8473076412548117,0,41178,False,D1,validation
feature_4_slope,766,0.8473076412548117,0,7132,False,D1,validation
feature_5_slope,766,0.8473076412548117,0,36699,False,D1,validation
feature_6_slope,766,0.8473076412548117,0,39633,False,D1,validation
feature_7_slope,766,0.8473076412548117,0,22313,False,D1,validation
feature_8_slope,766,0.8473076412548117,0,41829,False,D1,validation
feature_9_slope,766,0.8473076412548117,0,40484,False,D1,validation
feature_10_slope,766,0.8473076412548117,0,18245,False,D1,validation
feature_11_slope,766,0.8473076412548117,0,8523,False,D1,validation
feature_12_slope,766,0.8473076412548117,0,13668,False,D1,validation
feature_13_slope,766,0.8473076412548117,0,41593,False,D1,validation
feature_14_slope,766,0.8473076412548117,0,6657,False,D1,validation
feature_15_slope,766,0.8473076412548117,0,9794,False,D1,validation
feature_1_rolling_std,766,0.8473076412548117,0,180,False,D1,validation
feature_2_rolling_std,766,0.8473076412548117,0,3116,False,D1,validation
feature_3_rolling_std,766,0.8473076412548117,0,3208,False,D1,validation
feature_4_rolling_std,766,0.8473076412548117,0,170,False,D1,validation
feature_5_rolling_std,766,0.8473076412548117,0,3612,False,D1,validation
feature_6_rolling_std,766,0.8473076412548117,0,3259,False,D1,validation
feature_7_rolling_std,766,0.8473076412548117,0,488,False,D1,validation
feature_8_rolling_std,766,0.8473076412548117,0,3252,False,D1,validation
feature_9_rolling_std,766,0.8473076412548117,0,1976,False,D1,validation
feature_10_rolling_std,766,0.8473076412548117,0,143,False,D1,validation
feature_11_rolling_std,766,0.8473076412548117,0,313,False,D1,validation
feature_12_rolling_std,766,0.8473076412548117,0,144,False,D1,validation
feature_13_rolling_std,766,0.8473076412548117,0,5991,False,D1,validation
feature_14_rolling_std,766,0.8473076412548117,0,95,False,D1,validation
feature_15_rolling_std,766,0.8473076412548117,0,383,False,D1,validation
feature_1_spike,766,0.8473076412548117,0,131,False,D1,validation
feature_2_spike,766,0.8473076412548117,0,2640,False,D1,validation
feature_3_spike,766,0.8473076412548117,0,2711,False,D1,validation
feature_4_spike,766,0.8473076412548117,0,103,False,D1,validation
feature_5_spike,766,0.8473076412548117,0,2896,False,D1,validation
feature_6_spike,766,0.8473076412548117,0,2780,False,D1,validation
feature_7_spike,766,0.8473076412548117,0,360,False,D1,validation
feature_8_spike,766,0.8473076412548117,0,2681,False,D1,validation
feature_9_spike,766,0.8473076412548117,0,1563,False,D1,validation
feature_10_spike,766,0.8473076412548117,0,107,False,D1,validation
feature_11_spike,766,0.8473076412548117,0,246,False,D1,validation
feature_12_spike,766,0.8473076412548117,0,115,False,D1,validation
feature_13_spike,766,0.8473076412548117,0,4490,False,D1,validation
feature_14_spike,766,0.8473076412548117,0,71,False,D1,validation
feature_15_spike,766,0.8473076412548117,0,299,False,D1,validation
feature_1_acceleration,1532,1.6946152825096235,0,21633,False,D1,validation
feature_2_acceleration,1532,1.6946152825096235,0,78933,False,D1,validation
feature_3_acceleration,1532,1.6946152825096235,0,82011,False,D1,validation
feature_4_acceleration,1532,1.6946152825096235,0,14185,False,D1,validation
feature_5_acceleration,1532,1.6946152825096235,0,72718,False,D1,validation
feature_6_acceleration,1532,1.6946152825096235,0,78936,False,D1,validation
feature_7_acceleration,1532,1.6946152825096235,0,44480,False,D1,validation
feature_8_acceleration,1532,1.6946152825096235,0,83312,False,D1,validation
feature_9_acceleration,1532,1.6946152825096235,0,80583,False,D1,validation
feature_10_acceleration,1532,1.6946152825096235,0,35678,False,D1,validation
feature_11_acceleration,1532,1.6946152825096235,0,16989,False,D1,validation
feature_12_acceleration,1532,1.6946152825096235,0,27012,False,D1,validation
feature_13_acceleration,1532,1.6946152825096235,0,82556,False,D1,validation
feature_14_acceleration,1532,1.6946152825096235,0,13241,False,D1,validation
feature_15_acceleration,1532,1.6946152825096235,0,19527,False,D1,validation
feature_1_stabilization,1532,1.6946152825096235,0,383,False,D1,validation
feature_2_stabilization,1532,1.6946152825096235,0,4523,False,D1,validation
feature_3_stabilization,1532,1.6946152825096235,0,3839,False,D1,validation
feature_4_stabilization,1532,1.6946152825096235,0,220,False,D1,validation
feature_5_stabilization,1532,1.6946152825096235,0,4699,False,D1,validation
feature_6_stabilization,1532,1.6946152825096235,0,4725,False,D1,validation
feature_7_stabilization,1532,1.6946152825096235,0,720,False,D1,validation
feature_8_stabilization,1532,1.6946152825096235,0,4580,False,D1,validation
feature_9_stabilization,1532,1.6946152825096235,0,2781,False,D1,validation
feature_10_stabilization,1532,1.6946152825096235,0,259,False,D1,validation
feature_11_stabilization,1532,1.6946152825096235,0,474,False,D1,validation
feature_12_stabilization,1532,1.6946152825096235,0,264,False,D1,validation
feature_13_stabilization,1532,1.6946152825096235,0,7255,False,D1,validation
feature_14_stabilization,1532,1.6946152825096235,0,107,False,D1,validation
feature_15_stabilization,1532,1.6946152825096235,0,768,False,D1,validation
feature_1_trajectory_change,0,0.0,0,41,False,D1,validation
feature_2_trajectory_change,0,0.0,0,6093,False,D1,validation
feature_3_trajectory_change,0,0.0,0,4681,False,D1,validation
feature_4_trajectory_change,0,0.0,0,48,False,D1,validation
feature_5_trajectory_change,0,0.0,0,1845,False,D1,validation
feature_6_trajectory_change,0,0.0,0,6316,False,D1,validation
feature_7_trajectory_change,0,0.0,0,181,False,D1,validation
feature_8_trajectory_change,0,0.0,0,6402,False,D1,validation
feature_9_trajectory_change,0,0.0,0,1468,False,D1,validation
feature_10_trajectory_change,0,0.0,0,59,False,D1,validation
feature_11_trajectory_change,0,0.0,0,79,False,D1,validation
feature_12_trajectory_change,0,0.0,0,54,False,D1,validation
feature_13_trajectory_change,0,0.0,0,4861,False,D1,validation
feature_14_trajectory_change,0,0.0,0,35,False,D1,validation
feature_15_trajectory_change,0,0.0,0,92,False,D1,validation
measurement_mean,0,0.0,0,69382,False,D1,validation
measurement_std,0,0.0,0,69382,False,D1,validation
feature_1_peer_deviation,0,0.0,0,69382,False,D1,validation
feature_2_peer_deviation,0,0.0,0,69382,False,D1,validation
feature_3_peer_deviation,0,0.0,0,69382,False,D1,validation
feature_4_peer_deviation,0,0.0,0,69382,False,D1,validation
feature_5_peer_deviation,0,0.0,0,69382,False,D1,validation
feature_6_peer_deviation,0,0.0,0,69382,False,D1,validation
feature_7_peer_deviation,0,0.0,0,69382,False,D1,validation
feature_8_peer_deviation,0,0.0,0,69382,False,D1,validation
feature_9_peer_deviation,0,0.0,0,69382,False,D1,validation
feature_10_peer_deviation,0,0.0,0,69382,False,D1,validation
feature_11_peer_deviation,0,0.0,0,69382,False,D1,validation
feature_12_peer_deviation,0,0.0,0,69382,False,D1,validation
feature_13_peer_deviation,0,0.0,0,69382,False,D1,validation
feature_14_peer_deviation,0,0.0,0,69382,False,D1,validation
feature_15_peer_deviation,0,0.0,0,69382,False,D1,validation
feature_1,0,0.0,0,43,False,D1,final_test
feature_2,0,0.0,0,1472,False,D1,final_test
feature_3,0,0.0,0,1435,False,D1,final_test
feature_4,0,0.0,0,48,False,D1,final_test
feature_5,0,0.0,0,1129,False,D1,final_test
feature_6,0,0.0,0,1502,False,D1,final_test
feature_7,0,0.0,0,148,False,D1,final_test
feature_8,0,0.0,0,1460,False,D1,final_test
feature_9,0,0.0,0,672,False,D1,final_test
feature_10,0,0.0,0,31,False,D1,final_test
feature_11,0,0.0,0,77,False,D1,final_test
feature_12,0,0.0,0,31,False,D1,final_test
feature_13,0,0.0,0,2188,False,D1,final_test
feature_14,0,0.0,0,35,False,D1,final_test
feature_15,0,0.0,0,91,False,D1,final_test
feature_1_delta,766,0.8476264246984619,0,178,False,D1,final_test
feature_2_delta,766,0.8476264246984619,0,4029,False,D1,final_test
feature_3_delta,766,0.8476264246984619,0,3979,False,D1,final_test
feature_4_delta,766,0.8476264246984619,0,113,False,D1,final_test
feature_5_delta,766,0.8476264246984619,0,3773,False,D1,final_test
feature_6_delta,766,0.8476264246984619,0,4131,False,D1,final_test
feature_7_delta,766,0.8476264246984619,0,594,False,D1,final_test
feature_8_delta,766,0.8476264246984619,0,4154,False,D1,final_test
feature_9_delta,766,0.8476264246984619,0,2217,False,D1,final_test
feature_10_delta,766,0.8476264246984619,0,124,False,D1,final_test
feature_11_delta,766,0.8476264246984619,0,322,False,D1,final_test
feature_12_delta,766,0.8476264246984619,0,131,False,D1,final_test
feature_13_delta,766,0.8476264246984619,0,5493,False,D1,final_test
feature_14_delta,766,0.8476264246984619,0,74,False,D1,final_test
feature_15_delta,766,0.8476264246984619,0,342,False,D1,final_test
feature_1_slope,766,0.8476264246984619,0,10906,False,D1,final_test
feature_2_slope,766,0.8476264246984619,0,39533,False,D1,final_test
feature_3_slope,766,0.8476264246984619,0,41193,False,D1,final_test
feature_4_slope,766,0.8476264246984619,0,7216,False,D1,final_test
feature_5_slope,766,0.8476264246984619,0,36619,False,D1,final_test
feature_6_slope,766,0.8476264246984619,0,39514,False,D1,final_test
feature_7_slope,766,0.8476264246984619,0,22241,False,D1,final_test
feature_8_slope,766,0.8476264246984619,0,41827,False,D1,final_test
feature_9_slope,766,0.8476264246984619,0,40453,False,D1,final_test
feature_10_slope,766,0.8476264246984619,0,18430,False,D1,final_test
feature_11_slope,766,0.8476264246984619,0,8553,False,D1,final_test
feature_12_slope,766,0.8476264246984619,0,13491,False,D1,final_test
feature_13_slope,766,0.8476264246984619,0,41527,False,D1,final_test
feature_14_slope,766,0.8476264246984619,0,6731,False,D1,final_test
feature_15_slope,766,0.8476264246984619,0,9857,False,D1,final_test
feature_1_rolling_std,766,0.8476264246984619,0,180,False,D1,final_test
feature_2_rolling_std,766,0.8476264246984619,0,3102,False,D1,final_test
feature_3_rolling_std,766,0.8476264246984619,0,3142,False,D1,final_test
feature_4_rolling_std,766,0.8476264246984619,0,172,False,D1,final_test
feature_5_rolling_std,766,0.8476264246984619,0,3555,False,D1,final_test
feature_6_rolling_std,766,0.8476264246984619,0,3258,False,D1,final_test
feature_7_rolling_std,766,0.8476264246984619,0,489,False,D1,final_test
feature_8_rolling_std,766,0.8476264246984619,0,3246,False,D1,final_test
feature_9_rolling_std,766,0.8476264246984619,0,2038,False,D1,final_test
feature_10_rolling_std,766,0.8476264246984619,0,142,False,D1,final_test
feature_11_rolling_std,766,0.8476264246984619,0,307,False,D1,final_test
feature_12_rolling_std,766,0.8476264246984619,0,147,False,D1,final_test
feature_13_rolling_std,766,0.8476264246984619,0,5955,False,D1,final_test
feature_14_rolling_std,766,0.8476264246984619,0,97,False,D1,final_test
feature_15_rolling_std,766,0.8476264246984619,0,369,False,D1,final_test
feature_1_spike,766,0.8476264246984619,0,127,False,D1,final_test
feature_2_spike,766,0.8476264246984619,0,2658,False,D1,final_test
feature_3_spike,766,0.8476264246984619,0,2720,False,D1,final_test
feature_4_spike,766,0.8476264246984619,0,105,False,D1,final_test
feature_5_spike,766,0.8476264246984619,0,2829,False,D1,final_test
feature_6_spike,766,0.8476264246984619,0,2714,False,D1,final_test
feature_7_spike,766,0.8476264246984619,0,368,False,D1,final_test
feature_8_spike,766,0.8476264246984619,0,2716,False,D1,final_test
feature_9_spike,766,0.8476264246984619,0,1572,False,D1,final_test
feature_10_spike,766,0.8476264246984619,0,104,False,D1,final_test
feature_11_spike,766,0.8476264246984619,0,237,False,D1,final_test
feature_12_spike,766,0.8476264246984619,0,113,False,D1,final_test
feature_13_spike,766,0.8476264246984619,0,4456,False,D1,final_test
feature_14_spike,766,0.8476264246984619,0,71,False,D1,final_test
feature_15_spike,766,0.8476264246984619,0,292,False,D1,final_test
feature_1_acceleration,1532,1.6952528493969239,0,21708,False,D1,final_test
feature_2_acceleration,1532,1.6952528493969239,0,78704,False,D1,final_test
feature_3_acceleration,1532,1.6952528493969239,0,82045,False,D1,final_test
feature_4_acceleration,1532,1.6952528493969239,0,14331,False,D1,final_test
feature_5_acceleration,1532,1.6952528493969239,0,72582,False,D1,final_test
feature_6_acceleration,1532,1.6952528493969239,0,78695,False,D1,final_test
feature_7_acceleration,1532,1.6952528493969239,0,44338,False,D1,final_test
feature_8_acceleration,1532,1.6952528493969239,0,83292,False,D1,final_test
feature_9_acceleration,1532,1.6952528493969239,0,80483,False,D1,final_test
feature_10_acceleration,1532,1.6952528493969239,0,36039,False,D1,final_test
feature_11_acceleration,1532,1.6952528493969239,0,17034,False,D1,final_test
feature_12_acceleration,1532,1.6952528493969239,0,26611,False,D1,final_test
feature_13_acceleration,1532,1.6952528493969239,0,82414,False,D1,final_test
feature_14_acceleration,1532,1.6952528493969239,0,13355,False,D1,final_test
feature_15_acceleration,1532,1.6952528493969239,0,19635,False,D1,final_test
feature_1_stabilization,1532,1.6952528493969239,0,378,False,D1,final_test
feature_2_stabilization,1532,1.6952528493969239,0,4496,False,D1,final_test
feature_3_stabilization,1532,1.6952528493969239,0,3933,False,D1,final_test
feature_4_stabilization,1532,1.6952528493969239,0,215,False,D1,final_test
feature_5_stabilization,1532,1.6952528493969239,0,4666,False,D1,final_test
feature_6_stabilization,1532,1.6952528493969239,0,4700,False,D1,final_test
feature_7_stabilization,1532,1.6952528493969239,0,730,False,D1,final_test
feature_8_stabilization,1532,1.6952528493969239,0,4630,False,D1,final_test
feature_9_stabilization,1532,1.6952528493969239,0,2768,False,D1,final_test
feature_10_stabilization,1532,1.6952528493969239,0,260,False,D1,final_test
feature_11_stabilization,1532,1.6952528493969239,0,486,False,D1,final_test
feature_12_stabilization,1532,1.6952528493969239,0,275,False,D1,final_test
feature_13_stabilization,1532,1.6952528493969239,0,7172,False,D1,final_test
feature_14_stabilization,1532,1.6952528493969239,0,113,False,D1,final_test
feature_15_stabilization,1532,1.6952528493969239,0,732,False,D1,final_test
feature_1_trajectory_change,0,0.0,0,43,False,D1,final_test
feature_2_trajectory_change,0,0.0,0,5997,False,D1,final_test
feature_3_trajectory_change,0,0.0,0,4744,False,D1,final_test
feature_4_trajectory_change,0,0.0,0,48,False,D1,final_test
feature_5_trajectory_change,0,0.0,0,1827,False,D1,final_test
feature_6_trajectory_change,0,0.0,0,6275,False,D1,final_test
feature_7_trajectory_change,0,0.0,0,185,False,D1,final_test
feature_8_trajectory_change,0,0.0,0,6527,False,D1,final_test
feature_9_trajectory_change,0,0.0,0,1450,False,D1,final_test
feature_10_trajectory_change,0,0.0,0,55,False,D1,final_test
feature_11_trajectory_change,0,0.0,0,77,False,D1,final_test
feature_12_trajectory_change,0,0.0,0,48,False,D1,final_test
feature_13_trajectory_change,0,0.0,0,4948,False,D1,final_test
feature_14_trajectory_change,0,0.0,0,35,False,D1,final_test
feature_15_trajectory_change,0,0.0,0,91,False,D1,final_test
measurement_mean,0,0.0,0,69891,False,D1,final_test
measurement_std,0,0.0,0,69891,False,D1,final_test
feature_1_peer_deviation,0,0.0,0,69891,False,D1,final_test
feature_2_peer_deviation,0,0.0,0,69891,False,D1,final_test
feature_3_peer_deviation,0,0.0,0,69891,False,D1,final_test
feature_4_peer_deviation,0,0.0,0,69891,False,D1,final_test
feature_5_peer_deviation,0,0.0,0,69891,False,D1,final_test
feature_6_peer_deviation,0,0.0,0,69891,False,D1,final_test
feature_7_peer_deviation,0,0.0,0,69891,False,D1,final_test
feature_8_peer_deviation,0,0.0,0,69891,False,D1,final_test
feature_9_peer_deviation,0,0.0,0,69891,False,D1,final_test
feature_10_peer_deviation,0,0.0,0,69891,False,D1,final_test
feature_11_peer_deviation,0,0.0,0,69891,False,D1,final_test
feature_12_peer_deviation,0,0.0,0,69891,False,D1,final_test
feature_13_peer_deviation,0,0.0,0,69891,False,D1,final_test
feature_14_peer_deviation,0,0.0,0,69891,False,D1,final_test
feature_15_peer_deviation,0,0.0,0,69891,False,D1,final_test
feature_1,0,0.0,0,5,False,D2,train
feature_2,0,0.0,0,1788,False,D2,train
feature_3,0,0.0,0,646,False,D2,train
feature_4,0,0.0,0,24,False,D2,train
feature_5,0,0.0,0,85,False,D2,train
feature_6,0,0.0,0,457,False,D2,train
feature_7,0,0.0,0,235,False,D2,train
feature_8,0,0.0,0,43,False,D2,train
feature_9,0,0.0,0,20,False,D2,train
feature_10,0,0.0,0,1090,False,D2,train
feature_11,0,0.0,0,19016,False,D2,train
feature_12,0,0.0,0,1855,False,D2,train
feature_13,0,0.0,0,1844,False,D2,train
feature_14,0,0.0,0,20,False,D2,train
feature_15,0,0.0,0,5,False,D2,train
feature_16,0,0.0,0,490,False,D2,train
feature_17,0,0.0,0,9008,False,D2,train
feature_18,0,0.0,0,20,False,D2,train
feature_19,0,0.0,0,25,False,D2,train
feature_20,0,0.0,0,487,False,D2,train
feature_1_delta,809,0.9118986428603635,0,5,False,D2,train
feature_2_delta,809,0.9118986428603635,0,3129,False,D2,train
feature_3_delta,809,0.9118986428603635,0,1083,False,D2,train
feature_4_delta,809,0.9118986428603635,0,46,False,D2,train
feature_5_delta,809,0.9118986428603635,0,242,False,D2,train
feature_6_delta,809,0.9118986428603635,0,1059,False,D2,train
feature_7_delta,809,0.9118986428603635,0,1073,False,D2,train
feature_8_delta,809,0.9118986428603635,0,47,False,D2,train
feature_9_delta,809,0.9118986428603635,0,13,False,D2,train
feature_10_delta,809,0.9118986428603635,0,2083,False,D2,train
feature_11_delta,809,0.9118986428603635,0,18138,False,D2,train
feature_12_delta,809,0.9118986428603635,0,3255,False,D2,train
feature_13_delta,809,0.9118986428603635,0,3865,False,D2,train
feature_14_delta,809,0.9118986428603635,0,32,False,D2,train
feature_15_delta,809,0.9118986428603635,0,1,True,D2,train
feature_16_delta,809,0.9118986428603635,0,798,False,D2,train
feature_17_delta,809,0.9118986428603635,0,10979,False,D2,train
feature_18_delta,809,0.9118986428603635,0,12,False,D2,train
feature_19_delta,809,0.9118986428603635,0,123,False,D2,train
feature_20_delta,809,0.9118986428603635,0,750,False,D2,train
feature_1_slope,809,0.9118986428603635,0,199,False,D2,train
feature_2_slope,809,0.9118986428603635,0,21168,False,D2,train
feature_3_slope,809,0.9118986428603635,0,5007,False,D2,train
feature_4_slope,809,0.9118986428603635,0,171,False,D2,train
feature_5_slope,809,0.9118986428603635,0,11139,False,D2,train
feature_6_slope,809,0.9118986428603635,0,4729,False,D2,train
feature_7_slope,809,0.9118986428603635,0,10719,False,D2,train
feature_8_slope,809,0.9118986428603635,0,5067,False,D2,train
feature_9_slope,809,0.9118986428603635,0,906,False,D2,train
feature_10_slope,809,0.9118986428603635,0,34820,False,D2,train
feature_11_slope,809,0.9118986428603635,0,20109,False,D2,train
feature_12_slope,809,0.9118986428603635,0,17029,False,D2,train
feature_13_slope,809,0.9118986428603635,0,35522,False,D2,train
feature_14_slope,809,0.9118986428603635,0,2166,False,D2,train
feature_15_slope,809,0.9118986428603635,0,1,True,D2,train
feature_16_slope,809,0.9118986428603635,0,4186,False,D2,train
feature_17_slope,809,0.9118986428603635,0,18646,False,D2,train
feature_18_slope,809,0.9118986428603635,0,1159,False,D2,train
feature_19_slope,809,0.9118986428603635,0,3972,False,D2,train
feature_20_slope,809,0.9118986428603635,0,4071,False,D2,train
feature_1_rolling_std,809,0.9118986428603635,0,8,False,D2,train
feature_2_rolling_std,809,0.9118986428603635,0,48285,False,D2,train
feature_3_rolling_std,809,0.9118986428603635,0,8360,False,D2,train
feature_4_rolling_std,809,0.9118986428603635,0,70,False,D2,train
feature_5_rolling_std,809,0.9118986428603635,0,15504,False,D2,train
feature_6_rolling_std,809,0.9118986428603635,0,8920,False,D2,train
feature_7_rolling_std,809,0.9118986428603635,0,10089,False,D2,train
feature_8_rolling_std,809,0.9118986428603635,0,317,False,D2,train
feature_9_rolling_std,809,0.9118986428603635,0,31,False,D2,train
feature_10_rolling_std,809,0.9118986428603635,0,60180,False,D2,train
feature_11_rolling_std,809,0.9118986428603635,0,21655,False,D2,train
feature_12_rolling_std,809,0.9118986428603635,0,36504,False,D2,train
feature_13_rolling_std,809,0.9118986428603635,0,70568,False,D2,train
feature_14_rolling_std,809,0.9118986428603635,0,288,False,D2,train
feature_15_rolling_std,809,0.9118986428603635,0,1,True,D2,train
feature_16_rolling_std,809,0.9118986428603635,0,6559,False,D2,train
feature_17_rolling_std,809,0.9118986428603635,0,20246,False,D2,train
feature_18_rolling_std,809,0.9118986428603635,0,16,False,D2,train
feature_19_rolling_std,809,0.9118986428603635,0,1245,False,D2,train
feature_20_rolling_std,809,0.9118986428603635,0,5484,False,D2,train
feature_1_spike,809,0.9118986428603635,0,3,False,D2,train
feature_2_spike,809,0.9118986428603635,0,2501,False,D2,train
feature_3_spike,809,0.9118986428603635,0,1024,False,D2,train
feature_4_spike,809,0.9118986428603635,0,44,False,D2,train
feature_5_spike,809,0.9118986428603635,0,190,False,D2,train
feature_6_spike,809,0.9118986428603635,0,1031,False,D2,train
feature_7_spike,809,0.9118986428603635,0,742,False,D2,train
feature_8_spike,809,0.9118986428603635,0,25,False,D2,train
feature_9_spike,809,0.9118986428603635,0,7,False,D2,train
feature_10_spike,809,0.9118986428603635,0,1534,False,D2,train
feature_11_spike,809,0.9118986428603635,0,17715,False,D2,train
feature_12_spike,809,0.9118986428603635,0,2575,False,D2,train
feature_13_spike,809,0.9118986428603635,0,3133,False,D2,train
feature_14_spike,809,0.9118986428603635,0,23,False,D2,train
feature_15_spike,809,0.9118986428603635,0,1,True,D2,train
feature_16_spike,809,0.9118986428603635,0,736,False,D2,train
feature_17_spike,809,0.9118986428603635,0,10174,False,D2,train
feature_18_spike,809,0.9118986428603635,0,7,False,D2,train
feature_19_spike,809,0.9118986428603635,0,75,False,D2,train
feature_20_spike,809,0.9118986428603635,0,719,False,D2,train
feature_1_acceleration,1618,1.823797285720727,0,327,False,D2,train
feature_2_acceleration,1618,1.823797285720727,0,42856,False,D2,train
feature_3_acceleration,1618,1.823797285720727,0,8710,False,D2,train
feature_4_acceleration,1618,1.823797285720727,0,317,False,D2,train
feature_5_acceleration,1618,1.823797285720727,0,39058,False,D2,train
feature_6_acceleration,1618,1.823797285720727,0,9271,False,D2,train
feature_7_acceleration,1618,1.823797285720727,0,24988,False,D2,train
feature_8_acceleration,1618,1.823797285720727,0,11786,False,D2,train
feature_9_acceleration,1618,1.823797285720727,0,1634,False,D2,train
feature_10_acceleration,1618,1.823797285720727,0,78175,False,D2,train
feature_11_acceleration,1618,1.823797285720727,0,21191,False,D2,train
feature_12_acceleration,1618,1.823797285720727,0,32514,False,D2,train
feature_13_acceleration,1618,1.823797285720727,0,76891,False,D2,train
feature_14_acceleration,1618,1.823797285720727,0,4962,False,D2,train
feature_15_acceleration,1618,1.823797285720727,0,1,True,D2,train
feature_16_acceleration,1618,1.823797285720727,0,7590,False,D2,train
feature_17_acceleration,1618,1.823797285720727,0,20932,False,D2,train
feature_18_acceleration,1618,1.823797285720727,0,2171,False,D2,train
feature_19_acceleration,1618,1.823797285720727,0,8150,False,D2,train
feature_20_acceleration,1618,1.823797285720727,0,7617,False,D2,train
feature_1_stabilization,1618,1.823797285720727,0,7,False,D2,train
feature_2_stabilization,1618,1.823797285720727,0,4721,False,D2,train
feature_3_stabilization,1618,1.823797285720727,0,1660,False,D2,train
feature_4_stabilization,1618,1.823797285720727,0,57,False,D2,train
feature_5_stabilization,1618,1.823797285720727,0,857,False,D2,train
feature_6_stabilization,1618,1.823797285720727,0,1487,False,D2,train
feature_7_stabilization,1618,1.823797285720727,0,2307,False,D2,train
feature_8_stabilization,1618,1.823797285720727,0,114,False,D2,train
feature_9_stabilization,1618,1.823797285720727,0,27,False,D2,train
feature_10_stabilization,1618,1.823797285720727,0,4109,False,D2,train
feature_11_stabilization,1618,1.823797285720727,0,21264,False,D2,train
feature_12_stabilization,1618,1.823797285720727,0,5735,False,D2,train
feature_13_stabilization,1618,1.823797285720727,0,10407,False,D2,train
feature_14_stabilization,1618,1.823797285720727,0,36,False,D2,train
feature_15_stabilization,1618,1.823797285720727,0,1,True,D2,train
feature_16_stabilization,1618,1.823797285720727,0,1403,False,D2,train
feature_17_stabilization,1618,1.823797285720727,0,14310,False,D2,train
feature_18_stabilization,1618,1.823797285720727,0,17,False,D2,train
feature_19_stabilization,1618,1.823797285720727,0,289,False,D2,train
feature_20_stabilization,1618,1.823797285720727,0,1083,False,D2,train
feature_1_trajectory_change,0,0.0,0,5,False,D2,train
feature_2_trajectory_change,0,0.0,0,11611,False,D2,train
feature_3_trajectory_change,0,0.0,0,3260,False,D2,train
feature_4_trajectory_change,0,0.0,0,24,False,D2,train
feature_5_trajectory_change,0,0.0,0,85,False,D2,train
feature_6_trajectory_change,0,0.0,0,539,False,D2,train
feature_7_trajectory_change,0,0.0,0,235,False,D2,train
feature_8_trajectory_change,0,0.0,0,76,False,D2,train
feature_9_trajectory_change,0,0.0,0,20,False,D2,train
feature_10_trajectory_change,0,0.0,0,2127,False,D2,train
feature_11_trajectory_change,0,0.0,0,19604,False,D2,train
feature_12_trajectory_change,0,0.0,0,6220,False,D2,train
feature_13_trajectory_change,0,0.0,0,6482,False,D2,train
feature_14_trajectory_change,0,0.0,0,20,False,D2,train
feature_15_trajectory_change,0,0.0,0,1,True,D2,train
feature_16_trajectory_change,0,0.0,0,3057,False,D2,train
feature_17_trajectory_change,0,0.0,0,12346,False,D2,train
feature_18_trajectory_change,0,0.0,0,48,False,D2,train
feature_19_trajectory_change,0,0.0,0,44,False,D2,train
feature_20_trajectory_change,0,0.0,0,1597,False,D2,train
measurement_mean,0,0.0,0,88656,False,D2,train
measurement_std,0,0.0,0,88656,False,D2,train
feature_1_peer_deviation,0,0.0,0,88656,False,D2,train
feature_2_peer_deviation,0,0.0,0,88656,False,D2,train
feature_3_peer_deviation,0,0.0,0,88656,False,D2,train
feature_4_peer_deviation,0,0.0,0,88656,False,D2,train
feature_5_peer_deviation,0,0.0,0,88656,False,D2,train
feature_6_peer_deviation,0,0.0,0,88656,False,D2,train
feature_7_peer_deviation,0,0.0,0,88656,False,D2,train
feature_8_peer_deviation,0,0.0,0,88656,False,D2,train
feature_9_peer_deviation,0,0.0,0,88656,False,D2,train
feature_10_peer_deviation,0,0.0,0,88656,False,D2,train
feature_11_peer_deviation,0,0.0,0,88656,False,D2,train
feature_12_peer_deviation,0,0.0,0,88656,False,D2,train
feature_13_peer_deviation,0,0.0,0,88656,False,D2,train
feature_14_peer_deviation,0,0.0,0,88656,False,D2,train
feature_15_peer_deviation,0,0.0,0,88656,False,D2,train
feature_16_peer_deviation,0,0.0,0,88656,False,D2,train
feature_17_peer_deviation,0,0.0,0,88656,False,D2,train
feature_18_peer_deviation,0,0.0,0,88656,False,D2,train
feature_19_peer_deviation,0,0.0,0,88656,False,D2,train
feature_20_peer_deviation,0,0.0,0,88656,False,D2,train
feature_1,0,0.0,0,4,False,D2,validation
feature_2,0,0.0,0,935,False,D2,validation
feature_3,0,0.0,0,247,False,D2,validation
feature_4,0,0.0,0,8,False,D2,validation
feature_5,0,0.0,0,69,False,D2,validation
feature_6,0,0.0,0,182,False,D2,validation
feature_7,0,0.0,0,144,False,D2,validation
feature_8,0,0.0,0,38,False,D2,validation
feature_9,0,0.0,0,15,False,D2,validation
feature_10,0,0.0,0,795,False,D2,validation
feature_11,0,0.0,0,4373,False,D2,validation
feature_12,0,0.0,0,820,False,D2,validation
feature_13,0,0.0,0,1368,False,D2,validation
feature_14,0,0.0,0,20,False,D2,validation
feature_15,0,0.0,0,3,False,D2,validation
feature_16,0,0.0,0,191,False,D2,validation
feature_17,0,0.0,0,3257,False,D2,validation
feature_18,0,0.0,0,17,False,D2,validation
feature_19,0,0.0,0,24,False,D2,validation
feature_20,0,0.0,0,195,False,D2,validation
feature_1_delta,173,0.9110537679709305,0,5,False,D2,validation
feature_2_delta,173,0.9110537679709305,0,1277,False,D2,validation
feature_3_delta,173,0.9110537679709305,0,421,False,D2,validation
feature_4_delta,173,0.9110537679709305,0,14,False,D2,validation
feature_5_delta,173,0.9110537679709305,0,162,False,D2,validation
feature_6_delta,173,0.9110537679709305,0,353,False,D2,validation
feature_7_delta,173,0.9110537679709305,0,579,False,D2,validation
feature_8_delta,173,0.9110537679709305,0,41,False,D2,validation
feature_9_delta,173,0.9110537679709305,0,11,False,D2,validation
feature_10_delta,173,0.9110537679709305,0,1169,False,D2,validation
feature_11_delta,173,0.9110537679709305,0,4232,False,D2,validation
feature_12_delta,173,0.9110537679709305,0,1316,False,D2,validation
feature_13_delta,173,0.9110537679709305,0,1883,False,D2,validation
feature_14_delta,173,0.9110537679709305,0,27,False,D2,validation
feature_15_delta,173,0.9110537679709305,0,1,True,D2,validation
feature_16_delta,173,0.9110537679709305,0,298,False,D2,validation
feature_17_delta,173,0.9110537679709305,0,3359,False,D2,validation
feature_18_delta,173,0.9110537679709305,0,11,False,D2,validation
feature_19_delta,173,0.9110537679709305,0,99,False,D2,validation
feature_20_delta,173,0.9110537679709305,0,301,False,D2,validation
feature_1_slope,173,0.9110537679709305,0,83,False,D2,validation
feature_2_slope,173,0.9110537679709305,0,6271,False,D2,validation
feature_3_slope,173,0.9110537679709305,0,1519,False,D2,validation
feature_4_slope,173,0.9110537679709305,0,51,False,D2,validation
feature_5_slope,173,0.9110537679709305,0,3789,False,D2,validation
feature_6_slope,173,0.9110537679709305,0,1362,False,D2,validation
feature_7_slope,173,0.9110537679709305,0,3421,False,D2,validation
feature_8_slope,173,0.9110537679709305,0,1797,False,D2,validation
feature_9_slope,173,0.9110537679709305,0,333,False,D2,validation
feature_10_slope,173,0.9110537679709305,0,10778,False,D2,validation
feature_11_slope,173,0.9110537679709305,0,4335,False,D2,validation
feature_12_slope,173,0.9110537679709305,0,4815,False,D2,validation
feature_13_slope,173,0.9110537679709305,0,10534,False,D2,validation
feature_14_slope,173,0.9110537679709305,0,752,False,D2,validation
feature_15_slope,173,0.9110537679709305,0,1,True,D2,validation
feature_16_slope,173,0.9110537679709305,0,1284,False,D2,validation
feature_17_slope,173,0.9110537679709305,0,4208,False,D2,validation
feature_18_slope,173,0.9110537679709305,0,408,False,D2,validation
feature_19_slope,173,0.9110537679709305,0,1326,False,D2,validation
feature_20_slope,173,0.9110537679709305,0,1227,False,D2,validation
feature_1_rolling_std,173,0.9110537679709305,0,7,False,D2,validation
feature_2_rolling_std,173,0.9110537679709305,0,11147,False,D2,validation
feature_3_rolling_std,173,0.9110537679709305,0,2260,False,D2,validation
feature_4_rolling_std,173,0.9110537679709305,0,20,False,D2,validation
feature_5_rolling_std,173,0.9110537679709305,0,6344,False,D2,validation
feature_6_rolling_std,173,0.9110537679709305,0,2106,False,D2,validation
feature_7_rolling_std,173,0.9110537679709305,0,2655,False,D2,validation
feature_8_rolling_std,173,0.9110537679709305,0,206,False,D2,validation
feature_9_rolling_std,173,0.9110537679709305,0,20,False,D2,validation
feature_10_rolling_std,173,0.9110537679709305,0,15086,False,D2,validation
feature_11_rolling_std,173,0.9110537679709305,0,4675,False,D2,validation
feature_12_rolling_std,173,0.9110537679709305,0,7989,False,D2,validation
feature_13_rolling_std,173,0.9110537679709305,0,15938,False,D2,validation
feature_14_rolling_std,173,0.9110537679709305,0,196,False,D2,validation
feature_15_rolling_std,173,0.9110537679709305,0,1,True,D2,validation
feature_16_rolling_std,173,0.9110537679709305,0,1917,False,D2,validation
feature_17_rolling_std,173,0.9110537679709305,0,4442,False,D2,validation
feature_18_rolling_std,173,0.9110537679709305,0,13,False,D2,validation
feature_19_rolling_std,173,0.9110537679709305,0,594,False,D2,validation
feature_20_rolling_std,173,0.9110537679709305,0,1650,False,D2,validation
feature_1_spike,173,0.9110537679709305,0,3,False,D2,validation
feature_2_spike,173,0.9110537679709305,0,998,False,D2,validation
feature_3_spike,173,0.9110537679709305,0,395,False,D2,validation
feature_4_spike,173,0.9110537679709305,0,14,False,D2,validation
feature_5_spike,173,0.9110537679709305,0,128,False,D2,validation
feature_6_spike,173,0.9110537679709305,0,334,False,D2,validation
feature_7_spike,173,0.9110537679709305,0,403,False,D2,validation
feature_8_spike,173,0.9110537679709305,0,23,False,D2,validation
feature_9_spike,173,0.9110537679709305,0,6,False,D2,validation
feature_10_spike,173,0.9110537679709305,0,821,False,D2,validation
feature_11_spike,173,0.9110537679709305,0,4204,False,D2,validation
feature_12_spike,173,0.9110537679709305,0,1025,False,D2,validation
feature_13_spike,173,0.9110537679709305,0,1436,False,D2,validation
feature_14_spike,173,0.9110537679709305,0,20,False,D2,validation
feature_15_spike,173,0.9110537679709305,0,1,True,D2,validation
feature_16_spike,173,0.9110537679709305,0,275,False,D2,validation
feature_17_spike,173,0.9110537679709305,0,3248,False,D2,validation
feature_18_spike,173,0.9110537679709305,0,6,False,D2,validation
feature_19_spike,173,0.9110537679709305,0,60,False,D2,validation
feature_20_spike,173,0.9110537679709305,0,291,False,D2,validation
feature_1_acceleration,346,1.822107535941861,0,133,False,D2,validation
feature_2_acceleration,346,1.822107535941861,0,10871,False,D2,validation
feature_3_acceleration,346,1.822107535941861,0,2427,False,D2,validation
feature_4_acceleration,346,1.822107535941861,0,96,False,D2,validation
feature_5_acceleration,346,1.822107535941861,0,10986,False,D2,validation
feature_6_acceleration,346,1.822107535941861,0,2556,False,D2,validation
feature_7_acceleration,346,1.822107535941861,0,6150,False,D2,validation
feature_8_acceleration,346,1.822107535941861,0,3889,False,D2,validation
feature_9_acceleration,346,1.822107535941861,0,567,False,D2,validation
feature_10_acceleration,346,1.822107535941861,0,17930,False,D2,validation
feature_11_acceleration,346,1.822107535941861,0,4542,False,D2,validation
feature_12_acceleration,346,1.822107535941861,0,8432,False,D2,validation
feature_13_acceleration,346,1.822107535941861,0,17628,False,D2,validation
feature_14_acceleration,346,1.822107535941861,0,1566,False,D2,validation
feature_15_acceleration,346,1.822107535941861,0,1,True,D2,validation
feature_16_acceleration,346,1.822107535941861,0,2235,False,D2,validation
feature_17_acceleration,346,1.822107535941861,0,4496,False,D2,validation
feature_18_acceleration,346,1.822107535941861,0,759,False,D2,validation
feature_19_acceleration,346,1.822107535941861,0,2335,False,D2,validation
feature_20_acceleration,346,1.822107535941861,0,2251,False,D2,validation
feature_1_stabilization,346,1.822107535941861,0,7,False,D2,validation
feature_2_stabilization,346,1.822107535941861,0,1765,False,D2,validation
feature_3_stabilization,346,1.822107535941861,0,593,False,D2,validation
feature_4_stabilization,346,1.822107535941861,0,18,False,D2,validation
feature_5_stabilization,346,1.822107535941861,0,497,False,D2,validation
feature_6_stabilization,346,1.822107535941861,0,546,False,D2,validation
feature_7_stabilization,346,1.822107535941861,0,1076,False,D2,validation
feature_8_stabilization,346,1.822107535941861,0,87,False,D2,validation
feature_9_stabilization,346,1.822107535941861,0,22,False,D2,validation
feature_10_stabilization,346,1.822107535941861,0,2039,False,D2,validation
feature_11_stabilization,346,1.822107535941861,0,4730,False,D2,validation
feature_12_stabilization,346,1.822107535941861,0,2179,False,D2,validation
feature_13_stabilization,346,1.822107535941861,0,4468,False,D2,validation
feature_14_stabilization,346,1.822107535941861,0,31,False,D2,validation
feature_15_stabilization,346,1.822107535941861,0,1,True,D2,validation
feature_16_stabilization,346,1.822107535941861,0,526,False,D2,validation
feature_17_stabilization,346,1.822107535941861,0,3994,False,D2,validation
feature_18_stabilization,346,1.822107535941861,0,15,False,D2,validation
feature_19_stabilization,346,1.822107535941861,0,204,False,D2,validation
feature_20_stabilization,346,1.822107535941861,0,400,False,D2,validation
feature_1_trajectory_change,0,0.0,0,4,False,D2,validation
feature_2_trajectory_change,0,0.0,0,4869,False,D2,validation
feature_3_trajectory_change,0,0.0,0,1160,False,D2,validation
feature_4_trajectory_change,0,0.0,0,8,False,D2,validation
feature_5_trajectory_change,0,0.0,0,69,False,D2,validation
feature_6_trajectory_change,0,0.0,0,220,False,D2,validation
feature_7_trajectory_change,0,0.0,0,144,False,D2,validation
feature_8_trajectory_change,0,0.0,0,45,False,D2,validation
feature_9_trajectory_change,0,0.0,0,13,False,D2,validation
feature_10_trajectory_change,0,0.0,0,1411,False,D2,validation
feature_11_trajectory_change,0,0.0,0,4304,False,D2,validation
feature_12_trajectory_change,0,0.0,0,3108,False,D2,validation
feature_13_trajectory_change,0,0.0,0,3552,False,D2,validation
feature_14_trajectory_change,0,0.0,0,20,False,D2,validation
feature_15_trajectory_change,0,0.0,0,1,True,D2,validation
feature_16_trajectory_change,0,0.0,0,1086,False,D2,validation
feature_17_trajectory_change,0,0.0,0,3554,False,D2,validation
feature_18_trajectory_change,0,0.0,0,34,False,D2,validation
feature_19_trajectory_change,0,0.0,0,41,False,D2,validation
feature_20_trajectory_change,0,0.0,0,598,False,D2,validation
measurement_mean,0,0.0,0,18976,False,D2,validation
measurement_std,0,0.0,0,18976,False,D2,validation
feature_1_peer_deviation,0,0.0,0,18976,False,D2,validation
feature_2_peer_deviation,0,0.0,0,18976,False,D2,validation
feature_3_peer_deviation,0,0.0,0,18976,False,D2,validation
feature_4_peer_deviation,0,0.0,0,18976,False,D2,validation
feature_5_peer_deviation,0,0.0,0,18976,False,D2,validation
feature_6_peer_deviation,0,0.0,0,18976,False,D2,validation
feature_7_peer_deviation,0,0.0,0,18976,False,D2,validation
feature_8_peer_deviation,0,0.0,0,18976,False,D2,validation
feature_9_peer_deviation,0,0.0,0,18976,False,D2,validation
feature_10_peer_deviation,0,0.0,0,18976,False,D2,validation
feature_11_peer_deviation,0,0.0,0,18976,False,D2,validation
feature_12_peer_deviation,0,0.0,0,18976,False,D2,validation
feature_13_peer_deviation,0,0.0,0,18976,False,D2,validation
feature_14_peer_deviation,0,0.0,0,18976,False,D2,validation
feature_15_peer_deviation,0,0.0,0,18976,False,D2,validation
feature_16_peer_deviation,0,0.0,0,18976,False,D2,validation
feature_17_peer_deviation,0,0.0,0,18976,False,D2,validation
feature_18_peer_deviation,0,0.0,0,18976,False,D2,validation
feature_19_peer_deviation,0,0.0,0,18976,False,D2,validation
feature_20_peer_deviation,0,0.0,0,18976,False,D2,validation
feature_1,0,0.0,0,4,False,D2,final_test
feature_2,0,0.0,0,927,False,D2,final_test
feature_3,0,0.0,0,249,False,D2,final_test
feature_4,0,0.0,0,11,False,D2,final_test
feature_5,0,0.0,0,71,False,D2,final_test
feature_6,0,0.0,0,192,False,D2,final_test
feature_7,0,0.0,0,149,False,D2,final_test
feature_8,0,0.0,0,43,False,D2,final_test
feature_9,0,0.0,0,18,False,D2,final_test
feature_10,0,0.0,0,781,False,D2,final_test
feature_11,0,0.0,0,4357,False,D2,final_test
feature_12,0,0.0,0,812,False,D2,final_test
feature_13,0,0.0,0,1313,False,D2,final_test
feature_14,0,0.0,0,20,False,D2,final_test
feature_15,0,0.0,0,3,False,D2,final_test
feature_16,0,0.0,0,191,False,D2,final_test
feature_17,0,0.0,0,3248,False,D2,final_test
feature_18,0,0.0,0,18,False,D2,final_test
feature_19,0,0.0,0,24,False,D2,final_test
feature_20,0,0.0,0,191,False,D2,final_test
feature_1_delta,174,0.9115197234009115,0,5,False,D2,final_test
feature_2_delta,174,0.9115197234009115,0,1261,False,D2,final_test
feature_3_delta,174,0.9115197234009115,0,419,False,D2,final_test
feature_4_delta,174,0.9115197234009115,0,20,False,D2,final_test
feature_5_delta,174,0.9115197234009115,0,166,False,D2,final_test
feature_6_delta,174,0.9115197234009115,0,375,False,D2,final_test
feature_7_delta,174,0.9115197234009115,0,580,False,D2,final_test
feature_8_delta,174,0.9115197234009115,0,40,False,D2,final_test
feature_9_delta,174,0.9115197234009115,0,11,False,D2,final_test
feature_10_delta,174,0.9115197234009115,0,1176,False,D2,final_test
feature_11_delta,174,0.9115197234009115,0,4192,False,D2,final_test
feature_12_delta,174,0.9115197234009115,0,1292,False,D2,final_test
feature_13_delta,174,0.9115197234009115,0,1913,False,D2,final_test
feature_14_delta,174,0.9115197234009115,0,30,False,D2,final_test
feature_15_delta,174,0.9115197234009115,0,1,True,D2,final_test
feature_16_delta,174,0.9115197234009115,0,312,False,D2,final_test
feature_17_delta,174,0.9115197234009115,0,3362,False,D2,final_test
feature_18_delta,174,0.9115197234009115,0,11,False,D2,final_test
feature_19_delta,174,0.9115197234009115,0,104,False,D2,final_test
feature_20_delta,174,0.9115197234009115,0,299,False,D2,final_test
feature_1_slope,174,0.9115197234009115,0,66,False,D2,final_test
feature_2_slope,174,0.9115197234009115,0,6300,False,D2,final_test
feature_3_slope,174,0.9115197234009115,0,1538,False,D2,final_test
feature_4_slope,174,0.9115197234009115,0,62,False,D2,final_test
feature_5_slope,174,0.9115197234009115,0,4035,False,D2,final_test
feature_6_slope,174,0.9115197234009115,0,1448,False,D2,final_test
feature_7_slope,174,0.9115197234009115,0,3424,False,D2,final_test
feature_8_slope,174,0.9115197234009115,0,1891,False,D2,final_test
feature_9_slope,174,0.9115197234009115,0,320,False,D2,final_test
feature_10_slope,174,0.9115197234009115,0,10976,False,D2,final_test
feature_11_slope,174,0.9115197234009115,0,4301,False,D2,final_test
feature_12_slope,174,0.9115197234009115,0,4963,False,D2,final_test
feature_13_slope,174,0.9115197234009115,0,10616,False,D2,final_test
feature_14_slope,174,0.9115197234009115,0,785,False,D2,final_test
feature_15_slope,174,0.9115197234009115,0,1,True,D2,final_test
feature_16_slope,174,0.9115197234009115,0,1302,False,D2,final_test
feature_17_slope,174,0.9115197234009115,0,4188,False,D2,final_test
feature_18_slope,174,0.9115197234009115,0,408,False,D2,final_test
feature_19_slope,174,0.9115197234009115,0,1356,False,D2,final_test
feature_20_slope,174,0.9115197234009115,0,1291,False,D2,final_test
feature_1_rolling_std,174,0.9115197234009115,0,7,False,D2,final_test
feature_2_rolling_std,174,0.9115197234009115,0,11399,False,D2,final_test
feature_3_rolling_std,174,0.9115197234009115,0,2340,False,D2,final_test
feature_4_rolling_std,174,0.9115197234009115,0,30,False,D2,final_test
feature_5_rolling_std,174,0.9115197234009115,0,5963,False,D2,final_test
feature_6_rolling_std,174,0.9115197234009115,0,2097,False,D2,final_test
feature_7_rolling_std,174,0.9115197234009115,0,2718,False,D2,final_test
feature_8_rolling_std,174,0.9115197234009115,0,189,False,D2,final_test
feature_9_rolling_std,174,0.9115197234009115,0,19,False,D2,final_test
feature_10_rolling_std,174,0.9115197234009115,0,15087,False,D2,final_test
feature_11_rolling_std,174,0.9115197234009115,0,4634,False,D2,final_test
feature_12_rolling_std,174,0.9115197234009115,0,7800,False,D2,final_test
feature_13_rolling_std,174,0.9115197234009115,0,16255,False,D2,final_test
feature_14_rolling_std,174,0.9115197234009115,0,214,False,D2,final_test
feature_15_rolling_std,174,0.9115197234009115,0,1,True,D2,final_test
feature_16_rolling_std,174,0.9115197234009115,0,1939,False,D2,final_test
feature_17_rolling_std,174,0.9115197234009115,0,4394,False,D2,final_test
feature_18_rolling_std,174,0.9115197234009115,0,12,False,D2,final_test
feature_19_rolling_std,174,0.9115197234009115,0,588,False,D2,final_test
feature_20_rolling_std,174,0.9115197234009115,0,1502,False,D2,final_test
feature_1_spike,174,0.9115197234009115,0,3,False,D2,final_test
feature_2_spike,174,0.9115197234009115,0,982,False,D2,final_test
feature_3_spike,174,0.9115197234009115,0,389,False,D2,final_test
feature_4_spike,174,0.9115197234009115,0,18,False,D2,final_test
feature_5_spike,174,0.9115197234009115,0,130,False,D2,final_test
feature_6_spike,174,0.9115197234009115,0,356,False,D2,final_test
feature_7_spike,174,0.9115197234009115,0,403,False,D2,final_test
feature_8_spike,174,0.9115197234009115,0,21,False,D2,final_test
feature_9_spike,174,0.9115197234009115,0,6,False,D2,final_test
feature_10_spike,174,0.9115197234009115,0,841,False,D2,final_test
feature_11_spike,174,0.9115197234009115,0,4175,False,D2,final_test
feature_12_spike,174,0.9115197234009115,0,1013,False,D2,final_test
feature_13_spike,174,0.9115197234009115,0,1453,False,D2,final_test
feature_14_spike,174,0.9115197234009115,0,22,False,D2,final_test
feature_15_spike,174,0.9115197234009115,0,1,True,D2,final_test
feature_16_spike,174,0.9115197234009115,0,285,False,D2,final_test
feature_17_spike,174,0.9115197234009115,0,3256,False,D2,final_test
feature_18_spike,174,0.9115197234009115,0,6,False,D2,final_test
feature_19_spike,174,0.9115197234009115,0,63,False,D2,final_test
feature_20_spike,174,0.9115197234009115,0,290,False,D2,final_test
feature_1_acceleration,348,1.823039446801823,0,108,False,D2,final_test
feature_2_acceleration,348,1.823039446801823,0,10999,False,D2,final_test
feature_3_acceleration,348,1.823039446801823,0,2496,False,D2,final_test
feature_4_acceleration,348,1.823039446801823,0,115,False,D2,final_test
feature_5_acceleration,348,1.823039446801823,0,11252,False,D2,final_test
feature_6_acceleration,348,1.823039446801823,0,2714,False,D2,final_test
feature_7_acceleration,348,1.823039446801823,0,6094,False,D2,final_test
feature_8_acceleration,348,1.823039446801823,0,3914,False,D2,final_test
feature_9_acceleration,348,1.823039446801823,0,535,False,D2,final_test
feature_10_acceleration,348,1.823039446801823,0,17997,False,D2,final_test
feature_11_acceleration,348,1.823039446801823,0,4503,False,D2,final_test
feature_12_acceleration,348,1.823039446801823,0,8603,False,D2,final_test
feature_13_acceleration,348,1.823039446801823,0,17633,False,D2,final_test
feature_14_acceleration,348,1.823039446801823,0,1629,False,D2,final_test
feature_15_acceleration,348,1.823039446801823,0,1,True,D2,final_test
feature_16_acceleration,348,1.823039446801823,0,2184,False,D2,final_test
feature_17_acceleration,348,1.823039446801823,0,4463,False,D2,final_test
feature_18_acceleration,348,1.823039446801823,0,758,False,D2,final_test
feature_19_acceleration,348,1.823039446801823,0,2415,False,D2,final_test
feature_20_acceleration,348,1.823039446801823,0,2350,False,D2,final_test
feature_1_stabilization,348,1.823039446801823,0,7,False,D2,final_test
feature_2_stabilization,348,1.823039446801823,0,1732,False,D2,final_test
feature_3_stabilization,348,1.823039446801823,0,597,False,D2,final_test
feature_4_stabilization,348,1.823039446801823,0,24,False,D2,final_test
feature_5_stabilization,348,1.823039446801823,0,495,False,D2,final_test
feature_6_stabilization,348,1.823039446801823,0,571,False,D2,final_test
feature_7_stabilization,348,1.823039446801823,0,1041,False,D2,final_test
feature_8_stabilization,348,1.823039446801823,0,93,False,D2,final_test
feature_9_stabilization,348,1.823039446801823,0,22,False,D2,final_test
feature_10_stabilization,348,1.823039446801823,0,2062,False,D2,final_test
feature_11_stabilization,348,1.823039446801823,0,4721,False,D2,final_test
feature_12_stabilization,348,1.823039446801823,0,2232,False,D2,final_test
feature_13_stabilization,348,1.823039446801823,0,4599,False,D2,final_test
feature_14_stabilization,348,1.823039446801823,0,29,False,D2,final_test
feature_15_stabilization,348,1.823039446801823,0,1,True,D2,final_test
feature_16_stabilization,348,1.823039446801823,0,561,False,D2,final_test
feature_17_stabilization,348,1.823039446801823,0,3987,False,D2,final_test
feature_18_stabilization,348,1.823039446801823,0,14,False,D2,final_test
feature_19_stabilization,348,1.823039446801823,0,212,False,D2,final_test
feature_20_stabilization,348,1.823039446801823,0,404,False,D2,final_test
feature_1_trajectory_change,0,0.0,0,4,False,D2,final_test
feature_2_trajectory_change,0,0.0,0,4770,False,D2,final_test
feature_3_trajectory_change,0,0.0,0,1139,False,D2,final_test
feature_4_trajectory_change,0,0.0,0,11,False,D2,final_test
feature_5_trajectory_change,0,0.0,0,71,False,D2,final_test
feature_6_trajectory_change,0,0.0,0,224,False,D2,final_test
feature_7_trajectory_change,0,0.0,0,149,False,D2,final_test
feature_8_trajectory_change,0,0.0,0,49,False,D2,final_test
feature_9_trajectory_change,0,0.0,0,13,False,D2,final_test
feature_10_trajectory_change,0,0.0,0,1308,False,D2,final_test
feature_11_trajectory_change,0,0.0,0,4280,False,D2,final_test
feature_12_trajectory_change,0,0.0,0,2978,False,D2,final_test
feature_13_trajectory_change,0,0.0,0,3509,False,D2,final_test
feature_14_trajectory_change,0,0.0,0,20,False,D2,final_test
feature_15_trajectory_change,0,0.0,0,1,True,D2,final_test
feature_16_trajectory_change,0,0.0,0,1124,False,D2,final_test
feature_17_trajectory_change,0,0.0,0,3565,False,D2,final_test
feature_18_trajectory_change,0,0.0,0,38,False,D2,final_test
feature_19_trajectory_change,0,0.0,0,42,False,D2,final_test
feature_20_trajectory_change,0,0.0,0,585,False,D2,final_test
measurement_mean,0,0.0,0,19077,False,D2,final_test
measurement_std,0,0.0,0,19077,False,D2,final_test
feature_1_peer_deviation,0,0.0,0,19077,False,D2,final_test
feature_2_peer_deviation,0,0.0,0,19077,False,D2,final_test
feature_3_peer_deviation,0,0.0,0,19077,False,D2,final_test
feature_4_peer_deviation,0,0.0,0,19077,False,D2,final_test
feature_5_peer_deviation,0,0.0,0,19077,False,D2,final_test
feature_6_peer_deviation,0,0.0,0,19077,False,D2,final_test
feature_7_peer_deviation,0,0.0,0,19077,False,D2,final_test
feature_8_peer_deviation,0,0.0,0,19077,False,D2,final_test
feature_9_peer_deviation,0,0.0,0,19077,False,D2,final_test
feature_10_peer_deviation,0,0.0,0,19077,False,D2,final_test
feature_11_peer_deviation,0,0.0,0,19077,False,D2,final_test
feature_12_peer_deviation,0,0.0,0,19077,False,D2,final_test
feature_13_peer_deviation,0,0.0,0,19077,False,D2,final_test
feature_14_peer_deviation,0,0.0,0,19077,False,D2,final_test
feature_15_peer_deviation,0,0.0,0,19077,False,D2,final_test
feature_16_peer_deviation,0,0.0,0,19077,False,D2,final_test
feature_17_peer_deviation,0,0.0,0,19077,False,D2,final_test
feature_18_peer_deviation,0,0.0,0,19077,False,D2,final_test
feature_19_peer_deviation,0,0.0,0,19077,False,D2,final_test
feature_20_peer_deviation,0,0.0,0,19077,False,D2,final_test
